date_hour,th
2022-11-30T23:00:00Z,NA
2022-12-01T00:00:00Z,5.763
2022-12-01T01:00:00Z,5.6098333333333334
2022-12-01T02:00:00Z,4.907666666666667
2022-12-01T03:00:00Z,4.252
2022-12-01T04:00:00Z,3.9395
2022-12-01T05:00:00Z,3.8526666666666665
2022-12-01T06:00:00Z,3.748333333333333
2022-12-01T07:00:00Z,3.661
2022-12-01T08:00:00Z,3.8351666666666664
2022-12-01T09:00:00Z,4.252
2022-12-01T10:00:00Z,4.390666666666666
2022-12-01T11:00:00Z,4.3213333333333335
2022-12-01T12:00:00Z,4.459833333333333
2022-12-01T13:00:00Z,4.477333333333333
2022-12-01T14:00:00Z,3.9915
2022-12-01T15:00:00Z,3.661
2022-12-01T16:00:00Z,3.4335
2022-12-01T17:00:00Z,3.2226666666666666
2022-12-01T18:00:00Z,NA
2022-12-01T19:00:00Z,NA
2022-12-01T20:00:00Z,NA
2022-12-01T21:00:00Z,NA
2022-12-01T22:00:00Z,NA
2022-12-01T23:00:00Z,3.0293333333333337
2022-12-02T00:00:00Z,2.9586666666666668
2022-12-02T01:00:00Z,NA
2022-12-02T02:00:00Z,NA
2022-12-02T03:00:00Z,NA
2022-12-02T04:00:00Z,NA
2022-12-02T05:00:00Z,3.047
2022-12-02T06:00:00Z,NA
2022-12-02T07:00:00Z,NA
2022-12-02T08:00:00Z,NA
2022-12-02T09:00:00Z,3.4684999999999997
2022-12-02T10:00:00Z,3.748333333333333
2022-12-02T11:00:00Z,3.8005
2022-12-02T12:00:00Z,4.0785
2022-12-02T13:00:00Z,4.182666666666666
2022-12-02T14:00:00Z,4.286666666666666
2022-12-02T15:00:00Z,4.061333333333333
2022-12-02T16:00:00Z,3.748333333333333
2022-12-02T17:00:00Z,3.5735
2022-12-02T18:00:00Z,3.5035
2022-12-02T19:00:00Z,NA
2022-12-02T20:00:00Z,NA
2022-12-02T21:00:00Z,3.5035
2022-12-02T22:00:00Z,3.451
2022-12-02T23:00:00Z,2.922833333333333
2022-12-03T00:00:00Z,2.143
2022-12-03T01:00:00Z,2.2143333333333333
2022-12-03T02:00:00Z,1.6948333333333334
2022-12-03T03:00:00Z,NA
2022-12-03T04:00:00Z,1.8028333333333333
2022-12-03T05:00:00Z,1.659
2022-12-03T06:00:00Z,1.605
2022-12-03T07:00:00Z,1.5330000000000001
2022-12-03T08:00:00Z,1.497
2022-12-03T09:00:00Z,2.0534999999999997
2022-12-03T10:00:00Z,2.2321666666666666
2022-12-03T11:00:00Z,2.3213333333333335
2022-12-03T12:00:00Z,2.3033333333333332
2022-12-03T13:00:00Z,2.658333333333333
2022-12-03T14:00:00Z,2.835
2022-12-03T15:00:00Z,NA
2022-12-03T16:00:00Z,2.623
2022-12-03T17:00:00Z,2.498666666666667
2022-12-03T18:00:00Z,2.3746666666666667
2022-12-03T19:00:00Z,2.2143333333333333
2022-12-03T20:00:00Z,1.928
2022-12-03T21:00:00Z,1.443
2022-12-03T22:00:00Z,0.9721666666666666
2022-12-03T23:00:00Z,0.7905
2022-12-04T00:00:00Z,0.9358333333333333
2022-12-04T01:00:00Z,0.9721666666666666
2022-12-04T02:00:00Z,1.2265
2022-12-04T03:00:00Z,0.9903333333333333
2022-12-04T04:00:00Z,NA
2022-12-04T05:00:00Z,0.7355
2022-12-04T06:00:00Z,0.754
2022-12-04T07:00:00Z,0.9176666666666666
2022-12-04T08:00:00Z,1.4068333333333334
2022-12-04T09:00:00Z,1.7128333333333334
2022-12-04T10:00:00Z,2.0535
2022-12-04T11:00:00Z,1.9101666666666666
2022-12-04T12:00:00Z,NA
2022-12-04T13:00:00Z,1.767
2022-12-04T14:00:00Z,1.605
2022-12-04T15:00:00Z,NA
2022-12-04T16:00:00Z,1.749
2022-12-04T17:00:00Z,NA
2022-12-04T18:00:00Z,NA
2022-12-04T19:00:00Z,1.8388333333333333
2022-12-04T20:00:00Z,NA
2022-12-04T21:00:00Z,2.0895
2022-12-04T22:00:00Z,1.964
2022-12-04T23:00:00Z,NA
2022-12-05T00:00:00Z,2.107333333333333
2022-12-05T01:00:00Z,2.1786666666666665
2022-12-05T02:00:00Z,2.4633333333333334
2022-12-05T03:00:00Z,2.498666666666667
2022-12-05T04:00:00Z,3.4326666666666665
2022-12-05T05:00:00Z,4.217333333333333
2022-12-05T06:00:00Z,NA
2022-12-05T07:00:00Z,4.4079999999999995
2022-12-05T08:00:00Z,4.856333333333334
2022-12-05T09:00:00Z,5.6265
2022-12-05T10:00:00Z,6.660166666666667
2022-12-05T11:00:00Z,7.547833333333333
2022-12-05T12:00:00Z,6.794666666666667
2022-12-05T13:00:00Z,6.558833333333333
2022-12-05T14:00:00Z,6.794833333333333
2022-12-05T15:00:00Z,5.796666666666667
2022-12-05T16:00:00Z,5.233666666666666
2022-12-05T17:00:00Z,4.442333333333333
2022-12-05T18:00:00Z,4.4075
2022-12-05T19:00:00Z,4.1645
2022-12-05T20:00:00Z,3.1165
2022-12-05T21:00:00Z,1.4421666666666666
2022-12-05T22:00:00Z,1.6223333333333332
2022-12-05T23:00:00Z,2.1950000000000003
2022-12-06T00:00:00Z,0.9536666666666667
2022-12-06T01:00:00Z,NA
2022-12-06T02:00:00Z,1.461
2022-12-06T03:00:00Z,1.353
2022-12-06T04:00:00Z,1.8025
2022-12-06T05:00:00Z,1.9103333333333332
2022-12-06T06:00:00Z,2.107333333333333
2022-12-06T07:00:00Z,2.2675
2022-12-06T08:00:00Z,2.9581666666666666
2022-12-06T09:00:00Z,3.678
2022-12-06T10:00:00Z,5.722833333333333
2022-12-06T11:00:00Z,NA
2022-12-06T12:00:00Z,6.961333333333333
2022-12-06T13:00:00Z,5.3705
2022-12-06T14:00:00Z,5.285166666666667
2022-12-06T15:00:00Z,4.804666666666667
2022-12-06T16:00:00Z,3.5898333333333334
2022-12-06T17:00:00Z,3.293
2022-12-06T18:00:00Z,3.521
2022-12-06T19:00:00Z,NA
2022-12-06T20:00:00Z,3.2931666666666666
2022-12-06T21:00:00Z,3.0646666666666667
2022-12-06T22:00:00Z,NA
2022-12-06T23:00:00Z,NA
2022-12-07T00:00:00Z,NA
2022-12-07T01:00:00Z,NA
2022-12-07T02:00:00Z,2.9410000000000003
2022-12-07T03:00:00Z,2.7466666666666666
2022-12-07T04:00:00Z,2.6406666666666667
2022-12-07T05:00:00Z,2.5165
2022-12-07T06:00:00Z,2.125
2022-12-07T07:00:00Z,1.5328333333333333
2022-12-07T08:00:00Z,1.5666666666666667
2022-12-07T09:00:00Z,3.2201666666666666
2022-12-07T10:00:00Z,NA
2022-12-07T11:00:00Z,NA
2022-12-07T12:00:00Z,6.676333333333334
2022-12-07T13:00:00Z,5.984
2022-12-07T14:00:00Z,5.4046666666666665
2022-12-07T15:00:00Z,4.5281666666666665
2022-12-07T16:00:00Z,2.1745
2022-12-07T17:00:00Z,1.1716666666666666
2022-12-07T18:00:00Z,1.443
2022-12-07T19:00:00Z,1.1175
2022-12-07T20:00:00Z,0.6261666666666666
2022-12-07T21:00:00Z,0.2961666666666667
2022-12-07T22:00:00Z,1.0083333333333333
2022-12-07T23:00:00Z,1.0085
2022-12-08T00:00:00Z,-0.4458333333333333
2022-12-08T01:00:00Z,-1.1168333333333333
2022-12-08T02:00:00Z,-1.3621666666666667
2022-12-08T03:00:00Z,NA
2022-12-08T04:00:00Z,-1.1356666666666666
2022-12-08T05:00:00Z,-1.3813333333333333
2022-12-08T06:00:00Z,-1.3435000000000001
2022-12-08T07:00:00Z,-0.8916666666666666
2022-12-08T08:00:00Z,-0.16483333333333333
2022-12-08T09:00:00Z,0.07566666666666666
2022-12-08T10:00:00Z,0.3693333333333333
2022-12-08T11:00:00Z,0.3145
2022-12-08T12:00:00Z,0.3328333333333333
2022-12-08T13:00:00Z,1.456
2022-12-08T14:00:00Z,1.0253333333333332
2022-12-08T15:00:00Z,0.31433333333333335
2022-12-08T16:00:00Z,-1.0983333333333334
2022-12-08T17:00:00Z,-1.1735
2022-12-08T18:00:00Z,-1.2121666666666666
2022-12-08T19:00:00Z,-1.8753333333333333
2022-12-08T20:00:00Z,-3.4063333333333334
2022-12-08T21:00:00Z,-3.7011666666666665
2022-12-08T22:00:00Z,-3.209166666666667
2022-12-08T23:00:00Z,-3.3663333333333334
2022-12-09T00:00:00Z,-3.979166666666667
2022-12-09T01:00:00Z,-4.138333333333334
2022-12-09T02:00:00Z,-3.3858333333333333
2022-12-09T03:00:00Z,-3.1111666666666666
2022-12-09T04:00:00Z,-3.111
2022-12-09T05:00:00Z,NA
2022-12-09T06:00:00Z,-2.722
2022-12-09T07:00:00Z,-2.3545
2022-12-09T08:00:00Z,-1.8561666666666667
2022-12-09T09:00:00Z,-1.4193333333333333
2022-12-09T10:00:00Z,-0.6483333333333333
2022-12-09T11:00:00Z,-0.07200000000000001
2022-12-09T12:00:00Z,-0.2015
2022-12-09T13:00:00Z,0.0019999999999999996
2022-12-09T14:00:00Z,0.001999999999999997
2022-12-09T15:00:00Z,-0.31316666666666665
2022-12-09T16:00:00Z,NA
2022-12-09T17:00:00Z,NA
2022-12-09T18:00:00Z,NA
2022-12-09T19:00:00Z,-0.183
2022-12-09T20:00:00Z,-0.072
2022-12-09T21:00:00Z,NA
2022-12-09T22:00:00Z,NA
2022-12-09T23:00:00Z,-0.072
2022-12-10T00:00:00Z,0.057499999999999996
2022-12-10T01:00:00Z,NA
2022-12-10T02:00:00Z,NA
2022-12-10T03:00:00Z,NA
2022-12-10T04:00:00Z,NA
2022-12-10T05:00:00Z,NA
2022-12-10T06:00:00Z,-0.146
2022-12-10T07:00:00Z,NA
2022-12-10T08:00:00Z,-0.016500000000000004
2022-12-10T09:00:00Z,NA
2022-12-10T10:00:00Z,NA
2022-12-10T11:00:00Z,0.186
2022-12-10T12:00:00Z,NA
2022-12-10T13:00:00Z,0.09433333333333332
2022-12-10T14:00:00Z,0.001999999999999997
2022-12-10T15:00:00Z,-0.183
2022-12-10T16:00:00Z,NA
2022-12-10T17:00:00Z,NA
2022-12-10T18:00:00Z,NA
2022-12-10T19:00:00Z,NA
2022-12-10T20:00:00Z,-1.117
2022-12-10T21:00:00Z,-1.1361666666666668
2022-12-10T22:00:00Z,-2.0856666666666666
2022-12-10T23:00:00Z,-2.3738333333333332
2022-12-11T00:00:00Z,-2.412333333333333
2022-12-11T01:00:00Z,-2.4699999999999998
2022-12-11T02:00:00Z,-2.760666666666667
2022-12-11T03:00:00Z,-2.6055
2022-12-11T04:00:00Z,-2.8383333333333334
2022-12-11T05:00:00Z,-2.955
2022-12-11T06:00:00Z,-3.622333333333333
2022-12-11T07:00:00Z,-3.4443333333333332
2022-12-11T08:00:00Z,-2.8583333333333334
2022-12-11T09:00:00Z,-2.2585
2022-12-11T10:00:00Z,-1.1245
2022-12-11T11:00:00Z,NA
2022-12-11T12:00:00Z,-1.061
2022-12-11T13:00:00Z,-1.9131666666666667
2022-12-11T14:00:00Z,-2.239
2022-12-11T15:00:00Z,-3.347
2022-12-11T16:00:00Z,-3.4050000000000002
2022-12-11T17:00:00Z,-4.359999999999999
2022-12-11T18:00:00Z,-4.984333333333334
2022-12-11T19:00:00Z,-4.9239999999999995
2022-12-11T20:00:00Z,-4.9245
2022-12-11T21:00:00Z,-4.884833333333333
2022-12-11T22:00:00Z,-5.7428333333333335
2022-12-11T23:00:00Z,-5.372166666666667
2022-12-12T00:00:00Z,-6.241833333333333
2022-12-12T01:00:00Z,-6.852166666666666
2022-12-12T02:00:00Z,-7.8373333333333335
2022-12-12T03:00:00Z,-7.4505
2022-12-12T04:00:00Z,-6.492
2022-12-12T05:00:00Z,-6.829833333333333
2022-12-12T06:00:00Z,-6.745166666666666
2022-12-12T07:00:00Z,-6.978833333333333
2022-12-12T08:00:00Z,-6.4295
2022-12-12T09:00:00Z,-5.743333333333333
2022-12-12T10:00:00Z,-4.680666666666666
2022-12-12T11:00:00Z,-4.438833333333333
2022-12-12T12:00:00Z,-4.0985
2022-12-12T13:00:00Z,-3.9991666666666665
2022-12-12T14:00:00Z,-4.4795
2022-12-12T15:00:00Z,-5.106833333333333
2022-12-12T16:00:00Z,-5.659666666666666
2022-12-12T17:00:00Z,-5.598
2022-12-12T18:00:00Z,-5.908166666666666
2022-12-12T19:00:00Z,-6.0745
2022-12-12T20:00:00Z,-6.0745
2022-12-12T21:00:00Z,-5.845666666666666
2022-12-12T22:00:00Z,-5.721666666666667
2022-12-12T23:00:00Z,-5.783666666666667
2022-12-13T00:00:00Z,-5.845666666666666
2022-12-13T01:00:00Z,-5.970333333333333
2022-12-13T02:00:00Z,-6.282833333333333
2022-12-13T03:00:00Z,-6.220333333333333
2022-12-13T04:00:00Z,-6.1161666666666665
2022-12-13T05:00:00Z,-6.3661666666666665
2022-12-13T06:00:00Z,NA
2022-12-13T07:00:00Z,-6.429166666666666
2022-12-13T08:00:00Z,-5.743
2022-12-13T09:00:00Z,-5.025666666666666
2022-12-13T10:00:00Z,-4.3385
2022-12-13T11:00:00Z,-4.0195
2022-12-13T12:00:00Z,-4.000166666666667
2022-12-13T13:00:00Z,-3.801833333333333
2022-12-13T14:00:00Z,-3.8995
2022-12-13T15:00:00Z,-4.218166666666667
2022-12-13T16:00:00Z,-4.198333333333333
2022-12-13T17:00:00Z,-4.019
2022-12-13T18:00:00Z,-3.720833333333333
2022-12-13T19:00:00Z,-3.5433333333333334
2022-12-13T20:00:00Z,NA
2022-12-13T21:00:00Z,NA
2022-12-13T22:00:00Z,NA
2022-12-13T23:00:00Z,-3.1308333333333334
2022-12-14T00:00:00Z,-2.8578333333333332
2022-12-14T01:00:00Z,-2.6055
2022-12-14T02:00:00Z,-2.819166666666667
2022-12-14T03:00:00Z,-2.8578333333333332
2022-12-14T04:00:00Z,-2.528
2022-12-14T05:00:00Z,-2.3353333333333333
2022-12-14T06:00:00Z,-2.219666666666667
2022-12-14T07:00:00Z,-2.0468333333333333
2022-12-14T08:00:00Z,-1.742
2022-12-14T09:00:00Z,-1.2298333333333333
2022-12-14T10:00:00Z,-0.7786666666666666
2022-12-14T11:00:00Z,-0.7413333333333333
2022-12-14T12:00:00Z,-0.6293333333333333
2022-12-14T13:00:00Z,-0.40599999999999997
2022-12-14T14:00:00Z,NA
2022-12-14T15:00:00Z,-0.40599999999999997
2022-12-14T16:00:00Z,-0.6293333333333333
2022-12-14T17:00:00Z,-0.5546666666666666
2022-12-14T18:00:00Z,NA
2022-12-14T19:00:00Z,-0.29433333333333334
2022-12-14T20:00:00Z,-0.46166666666666667
2022-12-14T21:00:00Z,-0.7973333333333332
2022-12-14T22:00:00Z,NA
2022-12-14T23:00:00Z,-1.1164999999999998
2022-12-15T00:00:00Z,-1.268
2022-12-15T01:00:00Z,NA
2022-12-15T02:00:00Z,-1.4
2022-12-15T03:00:00Z,-1.4946666666666668
2022-12-15T04:00:00Z,NA
2022-12-15T05:00:00Z,-1.7226666666666668
2022-12-15T06:00:00Z,-2.0276666666666667
2022-12-15T07:00:00Z,-2.2003333333333335
2022-12-15T08:00:00Z,-2.066
2022-12-15T09:00:00Z,-1.7610000000000001
2022-12-15T10:00:00Z,-1.799
2022-12-15T11:00:00Z,-1.5331666666666668
2022-12-15T12:00:00Z,-1.4756666666666667
2022-12-15T13:00:00Z,-1.4380000000000002
2022-12-15T14:00:00Z,-1.5710000000000002
2022-12-15T15:00:00Z,-1.856
2022-12-15T16:00:00Z,-1.799
2022-12-15T17:00:00Z,-1.7228333333333334
2022-12-15T18:00:00Z,-1.6463333333333334
2022-12-15T19:00:00Z,-1.8751666666666666
2022-12-15T20:00:00Z,-2.2198333333333333
2022-12-15T21:00:00Z,-2.393
2022-12-15T22:00:00Z,-2.3928333333333334
2022-12-15T23:00:00Z,-2.489333333333333
2022-12-16T00:00:00Z,-2.6053333333333333
2022-12-16T01:00:00Z,-2.5086666666666666
2022-12-16T02:00:00Z,NA
2022-12-16T03:00:00Z,NA
2022-12-16T04:00:00Z,-2.566666666666667
2022-12-16T05:00:00Z,NA
2022-12-16T06:00:00Z,-2.761
2022-12-16T07:00:00Z,NA
2022-12-16T08:00:00Z,-2.4316666666666666
2022-12-16T09:00:00Z,-2.2773333333333334
2022-12-16T10:00:00Z,-2.3353333333333333
2022-12-16T11:00:00Z,-1.78
2022-12-16T12:00:00Z,-1.7036666666666667
2022-12-16T13:00:00Z,-1.8758333333333335
2022-12-16T14:00:00Z,-2.3928333333333334
2022-12-16T15:00:00Z,-2.683
2022-12-16T16:00:00Z,NA
2022-12-16T17:00:00Z,-2.916
2022-12-16T18:00:00Z,-3.4050000000000002
2022-12-16T19:00:00Z,-3.1111666666666666
2022-12-16T20:00:00Z,-3.248666666666667
2022-12-16T21:00:00Z,-3.582666666666667
2022-12-16T22:00:00Z,-3.2485
2022-12-16T23:00:00Z,-3.4246666666666665
2022-12-17T00:00:00Z,-3.6223333333333336
2022-12-17T01:00:00Z,-4.6018333333333334
2022-12-17T02:00:00Z,-4.761333333333333
2022-12-17T03:00:00Z,-5.6
2022-12-17T04:00:00Z,-6.43
2022-12-17T05:00:00Z,-6.6818333333333335
2022-12-17T06:00:00Z,-6.492333333333333
2022-12-17T07:00:00Z,-6.5553333333333335
2022-12-17T08:00:00Z,-5.929333333333333
2022-12-17T09:00:00Z,-5.1884999999999994
2022-12-17T10:00:00Z,-5.004666666666667
2022-12-17T11:00:00Z,-4.6
2022-12-17T12:00:00Z,-4.700333333333333
2022-12-17T13:00:00Z,-4.984666666666667
2022-12-17T14:00:00Z,-5.228833333333333
2022-12-17T15:00:00Z,-5.783666666666667
2022-12-17T16:00:00Z,-5.845666666666666
2022-12-17T17:00:00Z,-5.887166666666666
2022-12-17T18:00:00Z,-6.1786666666666665
2022-12-17T19:00:00Z,-6.3245
2022-12-17T20:00:00Z,-6.1786666666666665
2022-12-17T21:00:00Z,-6.2411666666666665
2022-12-17T22:00:00Z,-6.220333333333333
2022-12-17T23:00:00Z,-6.3036666666666665
2022-12-18T00:00:00Z,-6.639833333333333
2022-12-18T01:00:00Z,-7.063666666666666
2022-12-18T02:00:00Z,-7.277
2022-12-18T03:00:00Z,-7.685666666666666
2022-12-18T04:00:00Z,-8.055
2022-12-18T05:00:00Z,-8.936333333333334
2022-12-18T06:00:00Z,-9.519
2022-12-18T07:00:00Z,-9.7235
2022-12-18T08:00:00Z,-8.7825
2022-12-18T09:00:00Z,-7.4925
2022-12-18T10:00:00Z,NA
2022-12-18T11:00:00Z,-2.839166666666667
2022-12-18T12:00:00Z,-2.1813333333333333
2022-12-18T13:00:00Z,-2.1813333333333333
2022-12-18T14:00:00Z,-2.5091666666666668
2022-12-18T15:00:00Z,-3.0918333333333337
2022-12-18T16:00:00Z,-3.2875
2022-12-18T17:00:00Z,-3.1896666666666667
2022-12-18T18:00:00Z,-3.1113333333333335
2022-12-18T19:00:00Z,-3.0526666666666666
2022-12-18T20:00:00Z,-2.8775000000000004
2022-12-18T21:00:00Z,-2.722166666666667
2022-12-18T22:00:00Z,-2.0285
2022-12-18T23:00:00Z,-0.7056666666666667
2022-12-19T00:00:00Z,-0.8165
2022-12-19T01:00:00Z,-0.8536666666666667
2022-12-19T02:00:00Z,-0.22183333333333333
2022-12-19T03:00:00Z,0.8993333333333333
2022-12-19T04:00:00Z,0.9896666666666666
2022-12-19T05:00:00Z,0.7353333333333333
2022-12-19T06:00:00Z,1.6219999999999999
2022-12-19T07:00:00Z,0.4061666666666667
2022-12-19T08:00:00Z,1.2413333333333334
2022-12-19T09:00:00Z,3.3051666666666666
2022-12-19T10:00:00Z,5.669833333333333
2022-12-19T11:00:00Z,6.457
2022-12-19T12:00:00Z,7.179666666666667
2022-12-19T13:00:00Z,7.2295
2022-12-19T14:00:00Z,6.204166666666667
2022-12-19T15:00:00Z,5.813666666666666
2022-12-19T16:00:00Z,5.3195
2022-12-19T17:00:00Z,5.011
2022-12-19T18:00:00Z,4.925
2022-12-19T19:00:00Z,5.558666666666666
2022-12-19T20:00:00Z,5.678
2022-12-19T21:00:00Z,5.746
2022-12-19T22:00:00Z,6.018
2022-12-19T23:00:00Z,6.153499999999999
2022-12-20T00:00:00Z,6.052
2022-12-20T01:00:00Z,6.1025
2022-12-20T02:00:00Z,6.575833333333334
2022-12-20T03:00:00Z,6.862
2022-12-20T04:00:00Z,6.945666666666667
2022-12-20T05:00:00Z,6.979333333333333
2022-12-20T06:00:00Z,7.414833333333333
2022-12-20T07:00:00Z,7.365
2022-12-20T08:00:00Z,7.8645000000000005
2022-12-20T09:00:00Z,9.353
2022-12-20T10:00:00Z,10.089666666666666
2022-12-20T11:00:00Z,NA
2022-12-20T12:00:00Z,15.251666666666667
2022-12-20T13:00:00Z,14.663833333333333
2022-12-20T14:00:00Z,13.353
2022-12-20T15:00:00Z,11.293333333333333
2022-12-20T16:00:00Z,10.6765
2022-12-20T17:00:00Z,10.073666666666668
2022-12-20T18:00:00Z,9.648333333333333
2022-12-20T19:00:00Z,9.286999999999999
2022-12-20T20:00:00Z,9.320166666666667
2022-12-20T21:00:00Z,9.875166666666667
2022-12-20T22:00:00Z,10.757666666666667
2022-12-20T23:00:00Z,10.709166666666667
2022-12-21T00:00:00Z,9.910333333333334
2022-12-21T01:00:00Z,10.204333333333334
2022-12-21T02:00:00Z,10.1715
2022-12-21T03:00:00Z,9.9265
2022-12-21T04:00:00Z,9.122833333333332
2022-12-21T05:00:00Z,8.925333333333334
2022-12-21T06:00:00Z,9.795666666666667
2022-12-21T07:00:00Z,10.187833333333334
2022-12-21T08:00:00Z,10.024666666666667
2022-12-21T09:00:00Z,11.179166666666667
2022-12-21T10:00:00Z,NA
2022-12-21T11:00:00Z,NA
2022-12-21T12:00:00Z,13.001833333333334
2022-12-21T13:00:00Z,13.2905
2022-12-21T14:00:00Z,12.439166666666667
2022-12-21T15:00:00Z,12.053166666666668
2022-12-21T16:00:00Z,12.085333333333335
2022-12-21T17:00:00Z,11.972333333333333
2022-12-21T18:00:00Z,11.762166666666667
2022-12-21T19:00:00Z,11.843
2022-12-21T20:00:00Z,12.036333333333333
2022-12-21T21:00:00Z,12.9055
2022-12-21T22:00:00Z,12.7125
2022-12-21T23:00:00Z,NA
2022-12-22T00:00:00Z,10.967666666666666
2022-12-22T01:00:00Z,11.276666666666667
2022-12-22T02:00:00Z,12.246333333333334
2022-12-22T03:00:00Z,12.97
2022-12-22T04:00:00Z,NA
2022-12-22T05:00:00Z,NA
2022-12-22T06:00:00Z,NA
2022-12-22T07:00:00Z,12.117166666666666
2022-12-22T08:00:00Z,11.616666666666667
2022-12-22T09:00:00Z,11.7945
2022-12-22T10:00:00Z,12.197833333333334
2022-12-22T11:00:00Z,12.407166666666667
2022-12-22T12:00:00Z,12.696666666666667
2022-12-22T13:00:00Z,11.955833333333334
2022-12-22T14:00:00Z,11.357666666666667
2022-12-22T15:00:00Z,12.0205
2022-12-22T16:00:00Z,12.214166666666667
2022-12-22T17:00:00Z,11.907499999999999
2022-12-22T18:00:00Z,12.423166666666667
2022-12-22T19:00:00Z,10.968166666666667
2022-12-22T20:00:00Z,9.8775
2022-12-22T21:00:00Z,9.958833333333335
2022-12-22T22:00:00Z,11.324166666666667
2022-12-22T23:00:00Z,12.246333333333334
2022-12-23T00:00:00Z,12.777166666666666
2022-12-23T01:00:00Z,13.162166666666668
2022-12-23T02:00:00Z,NA
2022-12-23T03:00:00Z,NA
2022-12-23T04:00:00Z,NA
2022-12-23T05:00:00Z,13.435
2022-12-23T06:00:00Z,NA
2022-12-23T07:00:00Z,13.659
2022-12-23T08:00:00Z,12.680666666666667
2022-12-23T09:00:00Z,13.210333333333335
2022-12-23T10:00:00Z,12.809333333333333
2022-12-23T11:00:00Z,12.985833333333334
2022-12-23T12:00:00Z,13.706833333333334
2022-12-23T13:00:00Z,13.723
2022-12-23T14:00:00Z,13.9785
2022-12-23T15:00:00Z,14.154
2022-12-23T16:00:00Z,13.914833333333334
2022-12-23T17:00:00Z,13.739
2022-12-23T18:00:00Z,NA
2022-12-23T19:00:00Z,NA
2022-12-23T20:00:00Z,13.915
2022-12-23T21:00:00Z,13.290500000000002
2022-12-23T22:00:00Z,13.162333333333335
2022-12-23T23:00:00Z,13.018
2022-12-24T00:00:00Z,NA
2022-12-24T01:00:00Z,12.455333333333334
2022-12-24T02:00:00Z,12.165833333333333
2022-12-24T03:00:00Z,11.552
2022-12-24T04:00:00Z,11.665166666666666
2022-12-24T05:00:00Z,NA
2022-12-24T06:00:00Z,NA
2022-12-24T07:00:00Z,11.228666666666665
2022-12-24T08:00:00Z,11.729833333333334
2022-12-24T09:00:00Z,12.519666666666666
2022-12-24T10:00:00Z,NA
2022-12-24T11:00:00Z,NA
2022-12-24T12:00:00Z,13.338666666666667
2022-12-24T13:00:00Z,13.017833333333334
2022-12-24T14:00:00Z,12.262333333333334
2022-12-24T15:00:00Z,11.762166666666666
2022-12-24T16:00:00Z,10.919666666666666
2022-12-24T17:00:00Z,10.351166666666666
2022-12-24T18:00:00Z,10.351166666666666
2022-12-24T19:00:00Z,NA
2022-12-24T20:00:00Z,9.336500000000001
2022-12-24T21:00:00Z,8.8595
2022-12-24T22:00:00Z,NA
2022-12-24T23:00:00Z,8.843
2022-12-25T00:00:00Z,8.81
2022-12-25T01:00:00Z,9.057
2022-12-25T02:00:00Z,8.941833333333333
2022-12-25T03:00:00Z,9.401666666666667
2022-12-25T04:00:00Z,9.3035
2022-12-25T05:00:00Z,9.449166666666667
2022-12-25T06:00:00Z,7.196666666666667
2022-12-25T07:00:00Z,6.609666666666667
2022-12-25T08:00:00Z,7.1295
2022-12-25T09:00:00Z,9.236166666666666
2022-12-25T10:00:00Z,NA
2022-12-25T11:00:00Z,13.3215
2022-12-25T12:00:00Z,13.9785
2022-12-25T13:00:00Z,14.664666666666667
2022-12-25T14:00:00Z,14.377666666666666
2022-12-25T15:00:00Z,13.354500000000002
2022-12-25T16:00:00Z,14.154166666666667
2022-12-25T17:00:00Z,14.25
2022-12-25T18:00:00Z,14.154333333333334
2022-12-25T19:00:00Z,13.978666666666667
2022-12-25T20:00:00Z,13.962666666666667
2022-12-25T21:00:00Z,14.154166666666667
2022-12-25T22:00:00Z,14.553333333333333
2022-12-25T23:00:00Z,14.473666666666666
2022-12-26T00:00:00Z,14.537166666666668
2022-12-26T01:00:00Z,NA
2022-12-26T02:00:00Z,14.441833333333333
2022-12-26T03:00:00Z,14.505333333333333
2022-12-26T04:00:00Z,NA
2022-12-26T05:00:00Z,14.329833333333333
2022-12-26T06:00:00Z,13.627
2022-12-26T07:00:00Z,13.4015
2022-12-26T08:00:00Z,10.741166666666667
2022-12-26T09:00:00Z,10.774166666666666
2022-12-26T10:00:00Z,10.513833333333334
2022-12-26T11:00:00Z,10.253333333333334
2022-12-26T12:00:00Z,9.861166666666668
2022-12-26T13:00:00Z,9.91
2022-12-26T14:00:00Z,10.546333333333333
2022-12-26T15:00:00Z,10.8555
2022-12-26T16:00:00Z,11.1155
2022-12-26T17:00:00Z,11.4065
2022-12-26T18:00:00Z,NA
2022-12-26T19:00:00Z,8.313666666666666
2022-12-26T20:00:00Z,8.462666666666667
2022-12-26T21:00:00Z,8.462666666666667
2022-12-26T22:00:00Z,7.764833333333334
2022-12-26T23:00:00Z,6.794333333333333
2022-12-27T00:00:00Z,5.7955
2022-12-27T01:00:00Z,3.7296666666666667
2022-12-27T02:00:00Z,3.6605
2022-12-27T03:00:00Z,3.7479999999999998
2022-12-27T04:00:00Z,3.9046666666666665
2022-12-27T05:00:00Z,3.8005
2022-12-27T06:00:00Z,3.556
2022-12-27T07:00:00Z,3.626
2022-12-27T08:00:00Z,4.165333333333333
2022-12-27T09:00:00Z,5.1305
2022-12-27T10:00:00Z,NA
2022-12-27T11:00:00Z,NA
2022-12-27T12:00:00Z,10.301
2022-12-27T13:00:00Z,9.2215
2022-12-27T14:00:00Z,8.528666666666666
2022-12-27T15:00:00Z,6.874666666666667
2022-12-27T16:00:00Z,5.1129999999999995
2022-12-27T17:00:00Z,4.615166666666666
2022-12-27T18:00:00Z,3.8873333333333333
2022-12-27T19:00:00Z,3.3631666666666664
2022-12-27T20:00:00Z,3.0293333333333337
2022-12-27T21:00:00Z,2.729
2022-12-27T22:00:00Z,2.5164999999999997
2022-12-27T23:00:00Z,2.5164999999999997
2022-12-28T00:00:00Z,2.8173333333333335
2022-12-28T01:00:00Z,3.5033333333333334
2022-12-28T02:00:00Z,5.480166666666666
2022-12-28T03:00:00Z,7.163166666666667
2022-12-28T04:00:00Z,7.6475
2022-12-28T05:00:00Z,7.180166666666667
2022-12-28T06:00:00Z,NA
2022-12-28T07:00:00Z,8.181000000000001
2022-12-28T08:00:00Z,8.973833333333333
2022-12-28T09:00:00Z,10.171333333333333
2022-12-28T10:00:00Z,NA
2022-12-28T11:00:00Z,11.147333333333332
2022-12-28T12:00:00Z,13.130166666666668
2022-12-28T13:00:00Z,12.438833333333333
2022-12-28T14:00:00Z,10.088833333333334
2022-12-28T15:00:00Z,10.121666666666666
2022-12-28T16:00:00Z,10.579
2022-12-28T17:00:00Z,11.2285
2022-12-28T18:00:00Z,12.905166666666666
2022-12-28T19:00:00Z,13.033833333333334
2022-12-28T20:00:00Z,11.826
2022-12-28T21:00:00Z,12.519666666666666
2022-12-28T22:00:00Z,13.450833333333334
2022-12-28T23:00:00Z,13.707
2022-12-29T00:00:00Z,13.771
2022-12-29T01:00:00Z,12.793
2022-12-29T02:00:00Z,11.9885
2022-12-29T03:00:00Z,12.214166666666667
2022-12-29T04:00:00Z,12.181666666666667
2022-12-29T05:00:00Z,13.161833333333334
2022-12-29T06:00:00Z,13.787
2022-12-29T07:00:00Z,13.690833333333334
2022-12-29T08:00:00Z,13.707
2022-12-29T09:00:00Z,13.691
2022-12-29T10:00:00Z,12.825166666666666
2022-12-29T11:00:00Z,13.177833333333334
2022-12-29T12:00:00Z,13.578833333333334
2022-12-29T13:00:00Z,13.515
2022-12-29T14:00:00Z,12.873333333333333
2022-12-29T15:00:00Z,11.988
2022-12-29T16:00:00Z,11.810666666666666
2022-12-29T17:00:00Z,11.196
2022-12-29T18:00:00Z,11.584333333333333
2022-12-29T19:00:00Z,11.211
2022-12-29T20:00:00Z,9.270666666666667
2022-12-29T21:00:00Z,7.3645000000000005
2022-12-29T22:00:00Z,7.448333333333333
2022-12-29T23:00:00Z,7.2645
2022-12-30T00:00:00Z,7.214
2022-12-30T01:00:00Z,6.929
2022-12-30T02:00:00Z,5.881333333333333
2022-12-30T03:00:00Z,6.39
2022-12-30T04:00:00Z,6.136166666666666
2022-12-30T05:00:00Z,5.6945
2022-12-30T06:00:00Z,5.08
2022-12-30T07:00:00Z,4.942666666666667
2022-12-30T08:00:00Z,5.370333333333333
2022-12-30T09:00:00Z,7.094
2022-12-30T10:00:00Z,9.220666666666666
2022-12-30T11:00:00Z,10.367166666666666
2022-12-30T12:00:00Z,10.220666666666666
2022-12-30T13:00:00Z,11.907
2022-12-30T14:00:00Z,12.439333333333334
2022-12-30T15:00:00Z,12.423166666666667
2022-12-30T16:00:00Z,13.562666666666667
2022-12-30T17:00:00Z,14.170166666666667
2022-12-30T18:00:00Z,14.4415
2022-12-30T19:00:00Z,14.202166666666667
2022-12-30T20:00:00Z,14.585
2022-12-30T21:00:00Z,14.935500000000001
2022-12-30T22:00:00Z,15.079166666666666
2022-12-30T23:00:00Z,15.874
2022-12-31T00:00:00Z,16.223833333333335
2022-12-31T01:00:00Z,16.287166666666668
2022-12-31T02:00:00Z,15.476833333333333
2022-12-31T03:00:00Z,14.521166666666666
2022-12-31T04:00:00Z,14.313666666666666
2022-12-31T05:00:00Z,14.3775
2022-12-31T06:00:00Z,13.354333333333333
2022-12-31T07:00:00Z,12.728666666666667
2022-12-31T08:00:00Z,15.428333333333335
2022-12-31T09:00:00Z,17.33416666666667
2022-12-31T10:00:00Z,20.062666666666665
2022-12-31T11:00:00Z,21.031333333333333
2022-12-31T12:00:00Z,19.823833333333333
2022-12-31T13:00:00Z,18.238166666666668
2022-12-31T14:00:00Z,16.89
2022-12-31T15:00:00Z,14.393333333333334
2022-12-31T16:00:00Z,13.611
2022-12-31T17:00:00Z,13.113833333333334
2022-12-31T18:00:00Z,11.616666666666667
2022-12-31T19:00:00Z,11.777666666666667
2022-12-31T20:00:00Z,13.2245
2022-12-31T21:00:00Z,15.253833333333333
2022-12-31T22:00:00Z,15.699333333333334
2022-12-31T23:00:00Z,15.810666666666666
2023-01-01T00:00:00Z,15.285666666666668
2023-01-01T01:00:00Z,14.01
2023-01-01T02:00:00Z,13.738666666666667
2023-01-01T03:00:00Z,13.098
2023-01-01T04:00:00Z,13.4025
2023-01-01T05:00:00Z,12.422
2023-01-01T06:00:00Z,10.561833333333333
2023-01-01T07:00:00Z,9.088833333333334
2023-01-01T08:00:00Z,9.630666666666666
2023-01-01T09:00:00Z,12.453333333333333
2023-01-01T10:00:00Z,NA
2023-01-01T11:00:00Z,18.158666666666665
2023-01-01T12:00:00Z,18.7455
2023-01-01T13:00:00Z,18.333166666666667
2023-01-01T14:00:00Z,17.143833333333333
2023-01-01T15:00:00Z,14.264166666666668
2023-01-01T16:00:00Z,12.583666666666666
2023-01-01T17:00:00Z,11.357666666666667
2023-01-01T18:00:00Z,10.1385
2023-01-01T19:00:00Z,12.245666666666667
2023-01-01T20:00:00Z,9.975166666666667
2023-01-01T21:00:00Z,9.204833333333333
2023-01-01T22:00:00Z,8.907166666666667
2023-01-01T23:00:00Z,8.657333333333334
2023-01-02T00:00:00Z,9.154666666666667
2023-01-02T01:00:00Z,7.864166666666667
2023-01-02T02:00:00Z,6.8115000000000006
2023-01-02T03:00:00Z,7.8795
2023-01-02T04:00:00Z,8.825833333333334
2023-01-02T05:00:00Z,9.533
2023-01-02T06:00:00Z,9.845
2023-01-02T07:00:00Z,9.959333333333333
2023-01-02T08:00:00Z,10.595166666666668
2023-01-02T09:00:00Z,NA
2023-01-02T10:00:00Z,15.906
2023-01-02T11:00:00Z,17.0965
2023-01-02T12:00:00Z,17.223333333333333
2023-01-02T13:00:00Z,15.794833333333333
2023-01-02T14:00:00Z,13.417166666666667
2023-01-02T15:00:00Z,12.197666666666667
2023-01-02T16:00:00Z,12.600166666666667
2023-01-02T17:00:00Z,NA
2023-01-02T18:00:00Z,11.115333333333334
2023-01-02T19:00:00Z,10.806833333333334
2023-01-02T20:00:00Z,10.089833333333333
2023-01-02T21:00:00Z,9.221333333333334
2023-01-02T22:00:00Z,8.8595
2023-01-02T23:00:00Z,NA
2023-01-03T00:00:00Z,8.346666666666668
2023-01-03T01:00:00Z,8.048166666666667
2023-01-03T02:00:00Z,7.715333333333334
2023-01-03T03:00:00Z,7.648666666666667
2023-01-03T04:00:00Z,7.581833333333333
2023-01-03T05:00:00Z,7.2138333333333335
2023-01-03T06:00:00Z,6.3901666666666666
2023-01-03T07:00:00Z,6.491333333333333
2023-01-03T08:00:00Z,7.2305
2023-01-03T09:00:00Z,8.263666666666667
2023-01-03T10:00:00Z,8.6605
2023-01-03T11:00:00Z,10.855166666666666
2023-01-03T12:00:00Z,11.729833333333334
2023-01-03T13:00:00Z,11.406333333333333
2023-01-03T14:00:00Z,10.268833333333333
2023-01-03T15:00:00Z,8.559666666666667
2023-01-03T16:00:00Z,6.979666666666667
2023-01-03T17:00:00Z,6.407
2023-01-03T18:00:00Z,5.797
2023-01-03T19:00:00Z,5.1825
2023-01-03T20:00:00Z,4.718666666666667
2023-01-03T21:00:00Z,4.217333333333333
2023-01-03T22:00:00Z,3.922333333333333
2023-01-03T23:00:00Z,3.2045
2023-01-04T00:00:00Z,2.0341666666666667
2023-01-04T01:00:00Z,1.5148333333333333
2023-01-04T02:00:00Z,1.7309999999999999
2023-01-04T03:00:00Z,2.6533333333333333
2023-01-04T04:00:00Z,NA
2023-01-04T05:00:00Z,8.413
2023-01-04T06:00:00Z,9.056833333333334
2023-01-04T07:00:00Z,NA
2023-01-04T08:00:00Z,7.980833333333334
2023-01-04T09:00:00Z,8.0145
2023-01-04T10:00:00Z,9.484
2023-01-04T11:00:00Z,10.334666666666667
2023-01-04T12:00:00Z,NA
2023-01-04T13:00:00Z,10.335
2023-01-04T14:00:00Z,NA
2023-01-04T15:00:00Z,9.795833333333334
2023-01-04T16:00:00Z,9.877500000000001
2023-01-04T17:00:00Z,10.3835
2023-01-04T18:00:00Z,10.660666666666666
2023-01-04T19:00:00Z,NA
2023-01-04T20:00:00Z,NA
2023-01-04T21:00:00Z,NA
2023-01-04T22:00:00Z,NA
2023-01-04T23:00:00Z,NA
2023-01-05T00:00:00Z,11.018166666666666
2023-01-05T01:00:00Z,10.318
2023-01-05T02:00:00Z,10.513833333333334
2023-01-05T03:00:00Z,NA
2023-01-05T04:00:00Z,10.513833333333334
2023-01-05T05:00:00Z,10.725333333333333
2023-01-05T06:00:00Z,NA
2023-01-05T07:00:00Z,11.0505
2023-01-05T08:00:00Z,11.325666666666667
2023-01-05T09:00:00Z,11.777833333333334
2023-01-05T10:00:00Z,13.514833333333334
2023-01-05T11:00:00Z,13.594333333333333
2023-01-05T12:00:00Z,14.074333333333334
2023-01-05T13:00:00Z,13.722666666666667
2023-01-05T14:00:00Z,12.921666666666667
2023-01-05T15:00:00Z,12.278500000000001
2023-01-05T16:00:00Z,11.907666666666668
2023-01-05T17:00:00Z,NA
2023-01-05T18:00:00Z,NA
2023-01-05T19:00:00Z,11.293166666666666
2023-01-05T20:00:00Z,10.823
2023-01-05T21:00:00Z,10.204166666666667
2023-01-05T22:00:00Z,NA
2023-01-05T23:00:00Z,9.3855
2023-01-06T00:00:00Z,8.5785
2023-01-06T01:00:00Z,7.865
2023-01-06T02:00:00Z,6.996166666666666
2023-01-06T03:00:00Z,6.575666666666667
2023-01-06T04:00:00Z,6.356333333333334
2023-01-06T05:00:00Z,6.929
2023-01-06T06:00:00Z,6.811
2023-01-06T07:00:00Z,7.012333333333333
2023-01-06T08:00:00Z,8.262500000000001
2023-01-06T09:00:00Z,10.464666666666666
2023-01-06T10:00:00Z,11.777666666666667
2023-01-06T11:00:00Z,14.170166666666667
2023-01-06T12:00:00Z,13.9945
2023-01-06T13:00:00Z,12.936833333333334
2023-01-06T14:00:00Z,11.762166666666667
2023-01-06T15:00:00Z,11.050166666666666
2023-01-06T16:00:00Z,10.383666666666667
2023-01-06T17:00:00Z,NA
2023-01-06T18:00:00Z,9.828666666666667
2023-01-06T19:00:00Z,8.759333333333334
2023-01-06T20:00:00Z,8.628166666666667
2023-01-06T21:00:00Z,NA
2023-01-06T22:00:00Z,8.81
2023-01-06T23:00:00Z,NA
2023-01-07T00:00:00Z,NA
2023-01-07T01:00:00Z,NA
2023-01-07T02:00:00Z,NA
2023-01-07T03:00:00Z,NA
2023-01-07T04:00:00Z,NA
2023-01-07T05:00:00Z,NA
2023-01-07T06:00:00Z,NA
2023-01-07T07:00:00Z,7.715333333333334
2023-01-07T08:00:00Z,7.7815
2023-01-07T09:00:00Z,8.594166666666666
2023-01-07T10:00:00Z,10.641166666666667
2023-01-07T11:00:00Z,14.121166666666667
2023-01-07T12:00:00Z,15.492666666666667
2023-01-07T13:00:00Z,14.871666666666666
2023-01-07T14:00:00Z,13.049
2023-01-07T15:00:00Z,11.632833333333334
2023-01-07T16:00:00Z,10.218166666666667
2023-01-07T17:00:00Z,8.792833333333334
2023-01-07T18:00:00Z,8.230500000000001
2023-01-07T19:00:00Z,7.531666666666666
2023-01-07T20:00:00Z,6.339333333333333
2023-01-07T21:00:00Z,5.421
2023-01-07T22:00:00Z,5.010666666666666
