UTC,Locale Time, Air Temperature (Â°C), Precipitation (mm)
2020-11-30 00:00:00,2020-11-30 01:00:00,-0.02016659,0
2020-11-30 01:00:00,2020-11-30 02:00:00,-0.1188845,0
2020-11-30 02:00:00,2020-11-30 03:00:00,-0.6387243,0
2020-11-30 03:00:00,2020-11-30 04:00:00,-0.7213045,0
2020-11-30 04:00:00,2020-11-30 05:00:00,-0.0262423,0
2020-11-30 05:00:00,2020-11-30 06:00:00,-0.7380796,0
2020-11-30 06:00:00,2020-11-30 07:00:00,-0.7062163,0
2020-11-30 07:00:00,2020-11-30 08:00:00,2.132812,0
2020-11-30 08:00:00,2020-11-30 09:00:00,-0.8148101,0
2020-11-30 09:00:00,2020-11-30 10:00:00,-0.922981,0
2020-11-30 10:00:00,2020-11-30 11:00:00,0.2687316,0
2020-11-30 11:00:00,2020-11-30 12:00:00,0.6963602,0
2020-11-30 12:00:00,2020-11-30 13:00:00,1.404352,0
2020-11-30 13:00:00,2020-11-30 14:00:00,1.898878,0
2020-11-30 14:00:00,2020-11-30 15:00:00,2.296541,0
2020-11-30 15:00:00,2020-11-30 16:00:00,2.195936,0
2020-11-30 16:00:00,2020-11-30 17:00:00,2.144185,0
2020-11-30 17:00:00,2020-11-30 18:00:00,1.570017,0
2020-11-30 18:00:00,2020-11-30 19:00:00,1.490498,0
2020-11-30 19:00:00,2020-11-30 20:00:00,1.304496,0
2020-11-30 20:00:00,2020-11-30 21:00:00,1.085406,0
2020-11-30 21:00:00,2020-11-30 22:00:00,0.8385686,0
2020-11-30 22:00:00,2020-11-30 23:00:00,0.5001665,0
2020-11-30 23:00:00,2020-12-01 00:00:00,0.2017152,0
2020-12-01 00:00:00,2020-12-01 01:00:00,0.8516209,0.0705
2020-12-01 01:00:00,2020-12-01 02:00:00,0.8982677,2.629
2020-12-01 02:00:00,2020-12-01 03:00:00,1.145784,0.7051667
2020-12-01 03:00:00,2020-12-01 04:00:00,2.330073,1.759667
2020-12-01 04:00:00,2020-12-01 05:00:00,2.991039,0.1571667
2020-12-01 05:00:00,2020-12-01 06:00:00,3.756941,0.8001666
2020-12-01 06:00:00,2020-12-01 07:00:00,2.257571,4.011667
2020-12-01 07:00:00,2020-12-01 08:00:00,0.6994186,7.193
2020-12-01 08:00:00,2020-12-01 09:00:00,0.7594456,1.6325
2020-12-01 09:00:00,2020-12-01 10:00:00,1.300908,1.297333
2020-12-01 10:00:00,2020-12-01 11:00:00,1.633159,0.3848333
2020-12-01 11:00:00,2020-12-01 12:00:00,2.016196,0.1813333
2020-12-01 12:00:00,2020-12-01 13:00:00,2.495595,0.0045
2020-12-01 13:00:00,2020-12-01 14:00:00,2.413882,0.052
2020-12-01 14:00:00,2020-12-01 15:00:00,2.584867,0.0095
2020-12-01 15:00:00,2020-12-01 16:00:00,2.860323,0.0045
2020-12-01 16:00:00,2020-12-01 17:00:00,2.735382,0
2020-12-01 17:00:00,2020-12-01 18:00:00,2.532933,0.0005
2020-12-01 18:00:00,2020-12-01 19:00:00,2.475801,0
2020-12-01 19:00:00,2020-12-01 20:00:00,2.522815,0
2020-12-01 20:00:00,2020-12-01 21:00:00,2.412987,0
2020-12-01 21:00:00,2020-12-01 22:00:00,2.408085,0
2020-12-01 22:00:00,2020-12-01 23:00:00,2.46965,0
2020-12-01 23:00:00,2020-12-02 00:00:00,2.378027,0
2020-12-02 00:00:00,2020-12-02 01:00:00,2.449491,0
2020-12-02 01:00:00,2020-12-02 02:00:00,1.566845,0
2020-12-02 02:00:00,2020-12-02 03:00:00,1.618319,0
2020-12-02 03:00:00,2020-12-02 04:00:00,1.360418,0
2020-12-02 04:00:00,2020-12-02 05:00:00,1.334101,0
2020-12-02 05:00:00,2020-12-02 06:00:00,1.303075,0.0003333333
2020-12-02 06:00:00,2020-12-02 07:00:00,1.511452,0.005
2020-12-02 07:00:00,2020-12-02 08:00:00,1.612211,0.0003333333
2020-12-02 08:00:00,2020-12-02 09:00:00,1.712011,0
2020-12-02 09:00:00,2020-12-02 10:00:00,1.821042,0.0003333333
2020-12-02 10:00:00,2020-12-02 11:00:00,1.723219,0.005166666
2020-12-02 11:00:00,2020-12-02 12:00:00,2.134231,0
2020-12-02 12:00:00,2020-12-02 13:00:00,2.534901,0
2020-12-02 13:00:00,2020-12-02 14:00:00,3.126662,0
2020-12-02 14:00:00,2020-12-02 15:00:00,3.396285,0
2020-12-02 15:00:00,2020-12-02 16:00:00,3.287457,0
2020-12-02 16:00:00,2020-12-02 17:00:00,2.77098,0
2020-12-02 17:00:00,2020-12-02 18:00:00,1.91384,0
2020-12-02 18:00:00,2020-12-02 19:00:00,1.52702,0
2020-12-02 19:00:00,2020-12-02 20:00:00,1.292238,0
2020-12-02 20:00:00,2020-12-02 21:00:00,1.296319,0
2020-12-02 21:00:00,2020-12-02 22:00:00,1.275689,0
2020-12-02 22:00:00,2020-12-02 23:00:00,1.193564,0
2020-12-02 23:00:00,2020-12-03 00:00:00,1.49698,0
2020-12-03 00:00:00,2020-12-03 01:00:00,1.49393,0
2020-12-03 01:00:00,2020-12-03 02:00:00,0.9888186,0
2020-12-03 02:00:00,2020-12-03 03:00:00,0.9060914,0.0008333333
2020-12-03 03:00:00,2020-12-03 04:00:00,1.368329,0
2020-12-03 04:00:00,2020-12-03 05:00:00,1.719693,0
2020-12-03 05:00:00,2020-12-03 06:00:00,1.798902,0
2020-12-03 06:00:00,2020-12-03 07:00:00,2.00611,0
2020-12-03 07:00:00,2020-12-03 08:00:00,2.596957,0
2020-12-03 08:00:00,2020-12-03 09:00:00,2.549119,0
2020-12-03 09:00:00,2020-12-03 10:00:00,2.85112,0
2020-12-03 10:00:00,2020-12-03 11:00:00,3.078895,0
2020-12-03 11:00:00,2020-12-03 12:00:00,3.43034,0
2020-12-03 12:00:00,2020-12-03 13:00:00,3.911571,0
2020-12-03 13:00:00,2020-12-03 14:00:00,4.802788,0
2020-12-03 14:00:00,2020-12-03 15:00:00,5.916254,0
2020-12-03 15:00:00,2020-12-03 16:00:00,6.084289,0
2020-12-03 16:00:00,2020-12-03 17:00:00,5.29958,0
2020-12-03 17:00:00,2020-12-03 18:00:00,4.237816,0
2020-12-03 18:00:00,2020-12-03 19:00:00,3.912442,0
2020-12-03 19:00:00,2020-12-03 20:00:00,4.365431,0
2020-12-03 20:00:00,2020-12-03 21:00:00,4.779927,0
2020-12-03 21:00:00,2020-12-03 22:00:00,5.237239,0
2020-12-03 22:00:00,2020-12-03 23:00:00,6.190034,0
2020-12-03 23:00:00,2020-12-04 00:00:00,6.664184,0.007
2020-12-04 00:00:00,2020-12-04 01:00:00,8.511973,0.005666667
2020-12-04 01:00:00,2020-12-04 02:00:00,8.948934,0
2020-12-04 02:00:00,2020-12-04 03:00:00,8.636361,0
2020-12-04 03:00:00,2020-12-04 04:00:00,8.51675,0
2020-12-04 04:00:00,2020-12-04 05:00:00,8.465911,0.06466667
2020-12-04 05:00:00,2020-12-04 06:00:00,8.600577,0.139
2020-12-04 06:00:00,2020-12-04 07:00:00,8.021574,0.1916667
2020-12-04 07:00:00,2020-12-04 08:00:00,7.733643,0.4286666
2020-12-04 08:00:00,2020-12-04 09:00:00,6.348761,0.4103333
2020-12-04 09:00:00,2020-12-04 10:00:00,6.286457,0
2020-12-04 10:00:00,2020-12-04 11:00:00,5.48825,0
2020-12-04 11:00:00,2020-12-04 12:00:00,4.846991,0
2020-12-04 12:00:00,2020-12-04 13:00:00,4.995512,0.0335
2020-12-04 13:00:00,2020-12-04 14:00:00,5.328548,0.01133333
2020-12-04 14:00:00,2020-12-04 15:00:00,4.347022,0.4198333
2020-12-04 15:00:00,2020-12-04 16:00:00,4.521308,0.01366667
2020-12-04 16:00:00,2020-12-04 17:00:00,4.735311,0.01083333
2020-12-04 17:00:00,2020-12-04 18:00:00,4.53993,0.03433333
2020-12-04 18:00:00,2020-12-04 19:00:00,4.393618,0.013
2020-12-04 19:00:00,2020-12-04 20:00:00,3.540034,0
2020-12-04 20:00:00,2020-12-04 21:00:00,3.319651,0.003833334
2020-12-04 21:00:00,2020-12-04 22:00:00,3.612738,0.1873333
2020-12-04 22:00:00,2020-12-04 23:00:00,3.20882,0.07033333
2020-12-04 23:00:00,2020-12-05 00:00:00,3.001035,0.966
2020-12-05 00:00:00,2020-12-05 01:00:00,2.331747,1.8835
2020-12-05 01:00:00,2020-12-05 02:00:00,1.826586,2.069
2020-12-05 02:00:00,2020-12-05 03:00:00,1.523514,1.9315
2020-12-05 03:00:00,2020-12-05 04:00:00,1.809294,1.343667
2020-12-05 04:00:00,2020-12-05 05:00:00,2.844259,0.2315
2020-12-05 05:00:00,2020-12-05 06:00:00,3.399295,0.03716667
2020-12-05 06:00:00,2020-12-05 07:00:00,3.827128,0
2020-12-05 07:00:00,2020-12-05 08:00:00,4.083744,0
2020-12-05 08:00:00,2020-12-05 09:00:00,3.46149,0
2020-12-05 09:00:00,2020-12-05 10:00:00,3.530583,0
2020-12-05 10:00:00,2020-12-05 11:00:00,3.922175,0
2020-12-05 11:00:00,2020-12-05 12:00:00,4.163744,0
2020-12-05 12:00:00,2020-12-05 13:00:00,4.616688,0
2020-12-05 13:00:00,2020-12-05 14:00:00,4.521611,0
2020-12-05 14:00:00,2020-12-05 15:00:00,4.394636,0
2020-12-05 15:00:00,2020-12-05 16:00:00,3.977932,0
2020-12-05 16:00:00,2020-12-05 17:00:00,3.454881,0
2020-12-05 17:00:00,2020-12-05 18:00:00,3.124599,0
2020-12-05 18:00:00,2020-12-05 19:00:00,3.131749,0
2020-12-05 19:00:00,2020-12-05 20:00:00,2.97204,0
2020-12-05 20:00:00,2020-12-05 21:00:00,3.071999,0
2020-12-05 21:00:00,2020-12-05 22:00:00,3.3203,0
2020-12-05 22:00:00,2020-12-05 23:00:00,3.109089,0.004666666
2020-12-05 23:00:00,2020-12-06 00:00:00,2.914225,0.1886667
2020-12-06 00:00:00,2020-12-06 01:00:00,2.845655,0.006
2020-12-06 01:00:00,2020-12-06 02:00:00,2.8523,0.2953333
2020-12-06 02:00:00,2020-12-06 03:00:00,3.229597,0.1038333
2020-12-06 03:00:00,2020-12-06 04:00:00,3.310519,0.7615
2020-12-06 04:00:00,2020-12-06 05:00:00,3.182729,0.8315
2020-12-06 05:00:00,2020-12-06 06:00:00,2.89993,0.5696667
2020-12-06 06:00:00,2020-12-06 07:00:00,2.701894,0.416
2020-12-06 07:00:00,2020-12-06 08:00:00,2.631711,0.3475
2020-12-06 08:00:00,2020-12-06 09:00:00,2.653532,0.0495
2020-12-06 09:00:00,2020-12-06 10:00:00,2.811718,0
2020-12-06 10:00:00,2020-12-06 11:00:00,3.170386,0
2020-12-06 11:00:00,2020-12-06 12:00:00,3.467758,0
2020-12-06 12:00:00,2020-12-06 13:00:00,3.753606,0
2020-12-06 13:00:00,2020-12-06 14:00:00,4.003278,0
2020-12-06 14:00:00,2020-12-06 15:00:00,3.953086,0
2020-12-06 15:00:00,2020-12-06 16:00:00,4.166552,0
2020-12-06 16:00:00,2020-12-06 17:00:00,4.527045,0
2020-12-06 17:00:00,2020-12-06 18:00:00,4.687825,0.13
2020-12-06 18:00:00,2020-12-06 19:00:00,4.515918,0.3533334
2020-12-06 19:00:00,2020-12-06 20:00:00,3.563671,0.6558333
2020-12-06 20:00:00,2020-12-06 21:00:00,3.594108,0.3801666
2020-12-06 21:00:00,2020-12-06 22:00:00,3.65219,0.2396667
2020-12-06 22:00:00,2020-12-06 23:00:00,3.453621,0.1938333
2020-12-06 23:00:00,2020-12-07 00:00:00,3.367734,0.042
2020-12-07 00:00:00,2020-12-07 01:00:00,3.32949,0.004666666
2020-12-07 01:00:00,2020-12-07 02:00:00,3.389703,0.002666667
2020-12-07 02:00:00,2020-12-07 03:00:00,3.427001,0.06083334
2020-12-07 03:00:00,2020-12-07 04:00:00,3.315572,0
2020-12-07 04:00:00,2020-12-07 05:00:00,3.486218,0.07566666
2020-12-07 05:00:00,2020-12-07 06:00:00,3.485948,0.02083333
2020-12-07 06:00:00,2020-12-07 07:00:00,3.433298,0.02483333
2020-12-07 07:00:00,2020-12-07 08:00:00,3.457616,0
2020-12-07 08:00:00,2020-12-07 09:00:00,3.42926,0
2020-12-07 09:00:00,2020-12-07 10:00:00,3.594898,0
2020-12-07 10:00:00,2020-12-07 11:00:00,4.128315,0
2020-12-07 11:00:00,2020-12-07 12:00:00,5.031464,0
2020-12-07 12:00:00,2020-12-07 13:00:00,5.693144,0
2020-12-07 13:00:00,2020-12-07 14:00:00,5.612357,0
2020-12-07 14:00:00,2020-12-07 15:00:00,5.035732,0
2020-12-07 15:00:00,2020-12-07 16:00:00,4.990356,0
2020-12-07 16:00:00,2020-12-07 17:00:00,4.866704,0
2020-12-07 17:00:00,2020-12-07 18:00:00,4.884746,0
2020-12-07 18:00:00,2020-12-07 19:00:00,4.664093,0
2020-12-07 19:00:00,2020-12-07 20:00:00,4.100828,0
2020-12-07 20:00:00,2020-12-07 21:00:00,3.929497,0
2020-12-07 21:00:00,2020-12-07 22:00:00,3.540363,0
2020-12-07 22:00:00,2020-12-07 23:00:00,3.326537,0
2020-12-07 23:00:00,2020-12-08 00:00:00,3.36487,0
2020-12-08 00:00:00,2020-12-08 01:00:00,3.092224,0
2020-12-08 01:00:00,2020-12-08 02:00:00,1.673235,0
2020-12-08 02:00:00,2020-12-08 03:00:00,1.794652,0
2020-12-08 03:00:00,2020-12-08 04:00:00,1.661081,0
2020-12-08 04:00:00,2020-12-08 05:00:00,1.023599,0
2020-12-08 05:00:00,2020-12-08 06:00:00,1.610941,0
2020-12-08 06:00:00,2020-12-08 07:00:00,1.501272,0
2020-12-08 07:00:00,2020-12-08 08:00:00,1.075791,0
2020-12-08 08:00:00,2020-12-08 09:00:00,1.141495,0
2020-12-08 09:00:00,2020-12-08 10:00:00,0.8255109,0
2020-12-08 10:00:00,2020-12-08 11:00:00,1.519167,0
2020-12-08 11:00:00,2020-12-08 12:00:00,1.769391,0
2020-12-08 12:00:00,2020-12-08 13:00:00,1.217667,0.0003333333
2020-12-08 13:00:00,2020-12-08 14:00:00,0.6465955,0.0009999999
2020-12-08 14:00:00,2020-12-08 15:00:00,0.8987319,0
2020-12-08 15:00:00,2020-12-08 16:00:00,0.912401,0
2020-12-08 16:00:00,2020-12-08 17:00:00,1.110858,0
2020-12-08 17:00:00,2020-12-08 18:00:00,0.7691542,0
2020-12-08 18:00:00,2020-12-08 19:00:00,0.6973507,0.0015
2020-12-08 19:00:00,2020-12-08 20:00:00,1.263487,0
2020-12-08 20:00:00,2020-12-08 21:00:00,1.425824,0
2020-12-08 21:00:00,2020-12-08 22:00:00,1.41079,0
2020-12-08 22:00:00,2020-12-08 23:00:00,1.379877,0
2020-12-08 23:00:00,2020-12-09 00:00:00,1.057478,0
2020-12-09 00:00:00,2020-12-09 01:00:00,1.506298,0
2020-12-09 01:00:00,2020-12-09 02:00:00,1.365742,0
2020-12-09 02:00:00,2020-12-09 03:00:00,1.935719,0.001166667
2020-12-09 03:00:00,2020-12-09 04:00:00,1.847194,0.007833334
2020-12-09 04:00:00,2020-12-09 05:00:00,1.49486,0.08599999
2020-12-09 05:00:00,2020-12-09 06:00:00,1.358614,0.3343333
2020-12-09 06:00:00,2020-12-09 07:00:00,1.653051,0.1645
2020-12-09 07:00:00,2020-12-09 08:00:00,2.048124,0.03983333
2020-12-09 08:00:00,2020-12-09 09:00:00,1.822221,0.3153333
2020-12-09 09:00:00,2020-12-09 10:00:00,1.957467,0.4505
2020-12-09 10:00:00,2020-12-09 11:00:00,2.268881,0.2208333
2020-12-09 11:00:00,2020-12-09 12:00:00,2.311771,0.07200001
2020-12-09 12:00:00,2020-12-09 13:00:00,2.0998,0.057
2020-12-09 13:00:00,2020-12-09 14:00:00,1.904259,0.118
2020-12-09 14:00:00,2020-12-09 15:00:00,2.12018,0.0015
2020-12-09 15:00:00,2020-12-09 16:00:00,2.218388,0.001166667
2020-12-09 16:00:00,2020-12-09 17:00:00,2.01319,0.5861666
2020-12-09 17:00:00,2020-12-09 18:00:00,1.37944,0.7261666
2020-12-09 18:00:00,2020-12-09 19:00:00,1.226866,0.4273333
2020-12-09 19:00:00,2020-12-09 20:00:00,0.6082844,0.891
2020-12-09 20:00:00,2020-12-09 21:00:00,0.5534011,0.4478334
2020-12-09 21:00:00,2020-12-09 22:00:00,0.442138,0.09
2020-12-09 22:00:00,2020-12-09 23:00:00,1.023979,0.031
2020-12-09 23:00:00,2020-12-10 00:00:00,0.9981222,0
2020-12-10 00:00:00,2020-12-10 01:00:00,0.9035698,0
2020-12-10 01:00:00,2020-12-10 02:00:00,0.9711586,0
2020-12-10 02:00:00,2020-12-10 03:00:00,1.056248,0
2020-12-10 03:00:00,2020-12-10 04:00:00,0.8675154,0
2020-12-10 04:00:00,2020-12-10 05:00:00,0.6810795,0
2020-12-10 05:00:00,2020-12-10 06:00:00,1.02563,0
2020-12-10 06:00:00,2020-12-10 07:00:00,0.8787307,0
2020-12-10 07:00:00,2020-12-10 08:00:00,0.4760009,0
2020-12-10 08:00:00,2020-12-10 09:00:00,0.1076426,0
2020-12-10 09:00:00,2020-12-10 10:00:00,0.5389284,0
2020-12-10 10:00:00,2020-12-10 11:00:00,0.9180348,0
2020-12-10 11:00:00,2020-12-10 12:00:00,1.17345,0
2020-12-10 12:00:00,2020-12-10 13:00:00,1.46863,0
2020-12-10 13:00:00,2020-12-10 14:00:00,1.79651,0
2020-12-10 14:00:00,2020-12-10 15:00:00,1.853444,0
2020-12-10 15:00:00,2020-12-10 16:00:00,1.88834,0
2020-12-10 16:00:00,2020-12-10 17:00:00,1.924398,0
2020-12-10 17:00:00,2020-12-10 18:00:00,1.768714,0
2020-12-10 18:00:00,2020-12-10 19:00:00,1.838153,0
2020-12-10 19:00:00,2020-12-10 20:00:00,1.461478,0
2020-12-10 20:00:00,2020-12-10 21:00:00,1.20305,0
2020-12-10 21:00:00,2020-12-10 22:00:00,0.7647646,0
2020-12-10 22:00:00,2020-12-10 23:00:00,0.395941,0
2020-12-10 23:00:00,2020-12-11 00:00:00,0.3606706,0
2020-12-11 00:00:00,2020-12-11 01:00:00,0.1049444,0
2020-12-11 01:00:00,2020-12-11 02:00:00,0.2058719,0
2020-12-11 02:00:00,2020-12-11 03:00:00,0.8219722,0
2020-12-11 03:00:00,2020-12-11 04:00:00,-0.2734473,0
2020-12-11 04:00:00,2020-12-11 05:00:00,0.463925,0
2020-12-11 05:00:00,2020-12-11 06:00:00,-0.05182811,0
2020-12-11 06:00:00,2020-12-11 07:00:00,-0.3498132,0
2020-12-11 07:00:00,2020-12-11 08:00:00,2.260987,0
2020-12-11 08:00:00,2020-12-11 09:00:00,1.979656,0
2020-12-11 09:00:00,2020-12-11 10:00:00,1.299859,0
2020-12-11 10:00:00,2020-12-11 11:00:00,0.6948145,0
2020-12-11 11:00:00,2020-12-11 12:00:00,2.734004,0
2020-12-11 12:00:00,2020-12-11 13:00:00,2.914971,0
2020-12-11 13:00:00,2020-12-11 14:00:00,2.291589,0.8206666
2020-12-11 14:00:00,2020-12-11 15:00:00,5.169438,0.1481667
2020-12-11 15:00:00,2020-12-11 16:00:00,7.070998,0.03783333
2020-12-11 16:00:00,2020-12-11 17:00:00,7.98621,0
2020-12-11 17:00:00,2020-12-11 18:00:00,8.273079,0
2020-12-11 18:00:00,2020-12-11 19:00:00,7.641688,0
2020-12-11 19:00:00,2020-12-11 20:00:00,7.367761,0.1758333
2020-12-11 20:00:00,2020-12-11 21:00:00,7.132895,0
2020-12-11 21:00:00,2020-12-11 22:00:00,7.868208,0.03316667
2020-12-11 22:00:00,2020-12-11 23:00:00,8.093986,0.02733333
2020-12-11 23:00:00,2020-12-12 00:00:00,7.843234,0.01316667
2020-12-12 00:00:00,2020-12-12 01:00:00,8.32153,0
2020-12-12 01:00:00,2020-12-12 02:00:00,8.297466,0.01433333
2020-12-12 02:00:00,2020-12-12 03:00:00,8.13661,0.017
2020-12-12 03:00:00,2020-12-12 04:00:00,7.324203,0.7713334
2020-12-12 04:00:00,2020-12-12 05:00:00,6.40988,1.983833
2020-12-12 05:00:00,2020-12-12 06:00:00,6.122832,0.8791666
2020-12-12 06:00:00,2020-12-12 07:00:00,6.47357,1.378
2020-12-12 07:00:00,2020-12-12 08:00:00,6.693466,0.3846666
2020-12-12 08:00:00,2020-12-12 09:00:00,6.87737,0.1675
2020-12-12 09:00:00,2020-12-12 10:00:00,7.384344,0.002166667
2020-12-12 10:00:00,2020-12-12 11:00:00,7.559701,0
2020-12-12 11:00:00,2020-12-12 12:00:00,7.82541,0
2020-12-12 12:00:00,2020-12-12 13:00:00,8.348937,0
2020-12-12 13:00:00,2020-12-12 14:00:00,8.393429,0
2020-12-12 14:00:00,2020-12-12 15:00:00,8.381795,0
2020-12-12 15:00:00,2020-12-12 16:00:00,8.400361,0.018
2020-12-12 16:00:00,2020-12-12 17:00:00,7.849479,0.9913333
2020-12-12 17:00:00,2020-12-12 18:00:00,7.509307,0.861
2020-12-12 18:00:00,2020-12-12 19:00:00,7.361254,0.2613333
2020-12-12 19:00:00,2020-12-12 20:00:00,7.409037,0.4986667
2020-12-12 20:00:00,2020-12-12 21:00:00,7.467863,0.7293333
2020-12-12 21:00:00,2020-12-12 22:00:00,7.511134,0.5368334
2020-12-12 22:00:00,2020-12-12 23:00:00,7.431697,0.11
2020-12-12 23:00:00,2020-12-13 00:00:00,7.315712,0.5798333
2020-12-13 00:00:00,2020-12-13 01:00:00,7.179269,0.76
2020-12-13 01:00:00,2020-12-13 02:00:00,7.139178,0.08866667
2020-12-13 02:00:00,2020-12-13 03:00:00,7.05307,0.4415
2020-12-13 03:00:00,2020-12-13 04:00:00,6.898506,1.273833
2020-12-13 04:00:00,2020-12-13 05:00:00,6.81655,0.9758333
2020-12-13 05:00:00,2020-12-13 06:00:00,6.938539,0.04533333
2020-12-13 06:00:00,2020-12-13 07:00:00,6.677559,0.8988334
2020-12-13 07:00:00,2020-12-13 08:00:00,6.362317,0.1193333
2020-12-13 08:00:00,2020-12-13 09:00:00,5.937665,0.002666667
2020-12-13 09:00:00,2020-12-13 10:00:00,5.701604,0.1866667
2020-12-13 10:00:00,2020-12-13 11:00:00,5.669263,0.004333333
2020-12-13 11:00:00,2020-12-13 12:00:00,5.756542,0.005333333
2020-12-13 12:00:00,2020-12-13 13:00:00,6.709227,0
2020-12-13 13:00:00,2020-12-13 14:00:00,6.985859,0
2020-12-13 14:00:00,2020-12-13 15:00:00,7.113524,0
2020-12-13 15:00:00,2020-12-13 16:00:00,6.98231,0
2020-12-13 16:00:00,2020-12-13 17:00:00,6.510373,0
2020-12-13 17:00:00,2020-12-13 18:00:00,6.112183,0
2020-12-13 18:00:00,2020-12-13 19:00:00,5.849097,0
2020-12-13 19:00:00,2020-12-13 20:00:00,5.537044,0
2020-12-13 20:00:00,2020-12-13 21:00:00,5.318138,0
2020-12-13 21:00:00,2020-12-13 22:00:00,5.524043,0
2020-12-13 22:00:00,2020-12-13 23:00:00,6.132861,0
2020-12-13 23:00:00,2020-12-14 00:00:00,5.87399,0
2020-12-14 00:00:00,2020-12-14 01:00:00,5.31106,0
2020-12-14 01:00:00,2020-12-14 02:00:00,5.260351,0
2020-12-14 02:00:00,2020-12-14 03:00:00,5.509646,0
2020-12-14 03:00:00,2020-12-14 04:00:00,4.466001,0
2020-12-14 04:00:00,2020-12-14 05:00:00,5.579511,0
2020-12-14 05:00:00,2020-12-14 06:00:00,5.889122,0
2020-12-14 06:00:00,2020-12-14 07:00:00,5.564767,0
2020-12-14 07:00:00,2020-12-14 08:00:00,5.914541,0
2020-12-14 08:00:00,2020-12-14 09:00:00,3.459811,0
2020-12-14 09:00:00,2020-12-14 10:00:00,3.569447,0
2020-12-14 10:00:00,2020-12-14 11:00:00,4.940898,0
2020-12-14 11:00:00,2020-12-14 12:00:00,6.83429,0
2020-12-14 12:00:00,2020-12-14 13:00:00,9.790904,0
2020-12-14 13:00:00,2020-12-14 14:00:00,9.003237,0
2020-12-14 14:00:00,2020-12-14 15:00:00,10.42306,0.3206667
2020-12-14 15:00:00,2020-12-14 16:00:00,11.44667,0
2020-12-14 16:00:00,2020-12-14 17:00:00,11.19557,0
2020-12-14 17:00:00,2020-12-14 18:00:00,9.652108,0
2020-12-14 18:00:00,2020-12-14 19:00:00,8.095526,0
2020-12-14 19:00:00,2020-12-14 20:00:00,7.477154,0
2020-12-14 20:00:00,2020-12-14 21:00:00,6.98848,0
2020-12-14 21:00:00,2020-12-14 22:00:00,6.527946,0
2020-12-14 22:00:00,2020-12-14 23:00:00,6.258824,0
2020-12-14 23:00:00,2020-12-15 00:00:00,6.170519,0
2020-12-15 00:00:00,2020-12-15 01:00:00,5.858773,0
2020-12-15 01:00:00,2020-12-15 02:00:00,6.569984,0.073
2020-12-15 02:00:00,2020-12-15 03:00:00,7.116971,0.05416667
2020-12-15 03:00:00,2020-12-15 04:00:00,7.707811,0.005166666
2020-12-15 04:00:00,2020-12-15 05:00:00,9.26326,0.04683333
2020-12-15 05:00:00,2020-12-15 06:00:00,7.136347,0.0325
2020-12-15 06:00:00,2020-12-15 07:00:00,6.346278,0
2020-12-15 07:00:00,2020-12-15 08:00:00,6.641408,0
2020-12-15 08:00:00,2020-12-15 09:00:00,6.56447,0
2020-12-15 09:00:00,2020-12-15 10:00:00,8.239094,0.001333333
2020-12-15 10:00:00,2020-12-15 11:00:00,9.683066,0.6566667
2020-12-15 11:00:00,2020-12-15 12:00:00,7.211866,0.7556666
2020-12-15 12:00:00,2020-12-15 13:00:00,8.672054,1.099833
2020-12-15 13:00:00,2020-12-15 14:00:00,9.993571,0.7700001
2020-12-15 14:00:00,2020-12-15 15:00:00,10.66715,0.7805001
2020-12-15 15:00:00,2020-12-15 16:00:00,10.83778,1.512333
2020-12-15 16:00:00,2020-12-15 17:00:00,10.73634,0.8461666
2020-12-15 17:00:00,2020-12-15 18:00:00,10.5834,1.120833
2020-12-15 18:00:00,2020-12-15 19:00:00,10.44522,0.5625
2020-12-15 19:00:00,2020-12-15 20:00:00,10.32578,0.003166667
2020-12-15 20:00:00,2020-12-15 21:00:00,10.04729,0
2020-12-15 21:00:00,2020-12-15 22:00:00,9.971082,0
2020-12-15 22:00:00,2020-12-15 23:00:00,9.527846,0
2020-12-15 23:00:00,2020-12-16 00:00:00,9.640626,0
2020-12-16 00:00:00,2020-12-16 01:00:00,9.054879,0
2020-12-16 01:00:00,2020-12-16 02:00:00,8.53435,0
2020-12-16 02:00:00,2020-12-16 03:00:00,8.164018,0.005333333
2020-12-16 03:00:00,2020-12-16 04:00:00,7.039323,0.03616667
2020-12-16 04:00:00,2020-12-16 05:00:00,6.969129,0.09733334
2020-12-16 05:00:00,2020-12-16 06:00:00,8.466991,0
2020-12-16 06:00:00,2020-12-16 07:00:00,9.5096,0.004333333
2020-12-16 07:00:00,2020-12-16 08:00:00,8.61255,0.003
2020-12-16 08:00:00,2020-12-16 09:00:00,7.260183,0
2020-12-16 09:00:00,2020-12-16 10:00:00,7.738439,0.0005
2020-12-16 10:00:00,2020-12-16 11:00:00,8.613178,0
2020-12-16 11:00:00,2020-12-16 12:00:00,8.394382,0
2020-12-16 12:00:00,2020-12-16 13:00:00,8.981273,0
2020-12-16 13:00:00,2020-12-16 14:00:00,9.175894,0
2020-12-16 14:00:00,2020-12-16 15:00:00,9.609258,0
2020-12-16 15:00:00,2020-12-16 16:00:00,9.814248,0
2020-12-16 16:00:00,2020-12-16 17:00:00,9.4307,0
2020-12-16 17:00:00,2020-12-16 18:00:00,8.488373,0
2020-12-16 18:00:00,2020-12-16 19:00:00,7.951134,0
2020-12-16 19:00:00,2020-12-16 20:00:00,8.065278,0
2020-12-16 20:00:00,2020-12-16 21:00:00,8.621048,0
2020-12-16 21:00:00,2020-12-16 22:00:00,8.077697,0
2020-12-16 22:00:00,2020-12-16 23:00:00,7.42094,0
2020-12-16 23:00:00,2020-12-17 00:00:00,6.785954,0
2020-12-17 00:00:00,2020-12-17 01:00:00,7.147606,0
2020-12-17 01:00:00,2020-12-17 02:00:00,5.497622,0.0005
2020-12-17 02:00:00,2020-12-17 03:00:00,4.959667,0
2020-12-17 03:00:00,2020-12-17 04:00:00,5.560126,0.001333333
2020-12-17 04:00:00,2020-12-17 05:00:00,8.23882,0
2020-12-17 05:00:00,2020-12-17 06:00:00,10.64093,0
2020-12-17 06:00:00,2020-12-17 07:00:00,11.59858,0
2020-12-17 07:00:00,2020-12-17 08:00:00,11.7502,0
2020-12-17 08:00:00,2020-12-17 09:00:00,11.67172,0
2020-12-17 09:00:00,2020-12-17 10:00:00,11.82513,0
2020-12-17 10:00:00,2020-12-17 11:00:00,12.35167,0
2020-12-17 11:00:00,2020-12-17 12:00:00,11.95917,0
2020-12-17 12:00:00,2020-12-17 13:00:00,11.7135,0
2020-12-17 13:00:00,2020-12-17 14:00:00,11.36161,0
2020-12-17 14:00:00,2020-12-17 15:00:00,10.55446,0
2020-12-17 15:00:00,2020-12-17 16:00:00,10.45529,0
2020-12-17 16:00:00,2020-12-17 17:00:00,10.45501,0
2020-12-17 17:00:00,2020-12-17 18:00:00,10.11765,0
2020-12-17 18:00:00,2020-12-17 19:00:00,10.10312,0
2020-12-17 19:00:00,2020-12-17 20:00:00,10.1355,0
2020-12-17 20:00:00,2020-12-17 21:00:00,9.5097,0.006166667
2020-12-17 21:00:00,2020-12-17 22:00:00,8.69548,0.002833333
2020-12-17 22:00:00,2020-12-17 23:00:00,8.693513,0
2020-12-17 23:00:00,2020-12-18 00:00:00,8.393498,0
2020-12-18 00:00:00,2020-12-18 01:00:00,8.84531,0
2020-12-18 01:00:00,2020-12-18 02:00:00,7.192985,0
2020-12-18 02:00:00,2020-12-18 03:00:00,6.806634,0
2020-12-18 03:00:00,2020-12-18 04:00:00,6.646189,0
2020-12-18 04:00:00,2020-12-18 05:00:00,6.350423,0
2020-12-18 05:00:00,2020-12-18 06:00:00,6.620184,0
2020-12-18 06:00:00,2020-12-18 07:00:00,6.567721,0
2020-12-18 07:00:00,2020-12-18 08:00:00,6.349741,0
2020-12-18 08:00:00,2020-12-18 09:00:00,6.09076,0
2020-12-18 09:00:00,2020-12-18 10:00:00,6.239,0
2020-12-18 10:00:00,2020-12-18 11:00:00,6.471416,0
2020-12-18 11:00:00,2020-12-18 12:00:00,7.665967,0
2020-12-18 12:00:00,2020-12-18 13:00:00,8.564558,0
2020-12-18 13:00:00,2020-12-18 14:00:00,9.096038,0
2020-12-18 14:00:00,2020-12-18 15:00:00,9.63713,0
2020-12-18 15:00:00,2020-12-18 16:00:00,9.161244,0
2020-12-18 16:00:00,2020-12-18 17:00:00,9.119903,0
2020-12-18 17:00:00,2020-12-18 18:00:00,8.870386,0
2020-12-18 18:00:00,2020-12-18 19:00:00,9.837293,0
2020-12-18 19:00:00,2020-12-18 20:00:00,9.572042,0
2020-12-18 20:00:00,2020-12-18 21:00:00,8.261065,0
2020-12-18 21:00:00,2020-12-18 22:00:00,9.087664,0
2020-12-18 22:00:00,2020-12-18 23:00:00,8.009828,0
2020-12-18 23:00:00,2020-12-19 00:00:00,7.315406,0
2020-12-19 00:00:00,2020-12-19 01:00:00,7.354992,0
2020-12-19 01:00:00,2020-12-19 02:00:00,7.286955,0
2020-12-19 02:00:00,2020-12-19 03:00:00,7.577485,0
2020-12-19 03:00:00,2020-12-19 04:00:00,7.298078,0
2020-12-19 04:00:00,2020-12-19 05:00:00,6.587348,0
2020-12-19 05:00:00,2020-12-19 06:00:00,6.519956,0
2020-12-19 06:00:00,2020-12-19 07:00:00,5.979427,0
2020-12-19 07:00:00,2020-12-19 08:00:00,5.71692,0
2020-12-19 08:00:00,2020-12-19 09:00:00,5.494856,0
2020-12-19 09:00:00,2020-12-19 10:00:00,5.566691,0
2020-12-19 10:00:00,2020-12-19 11:00:00,5.736405,0
2020-12-19 11:00:00,2020-12-19 12:00:00,6.343853,0
2020-12-19 12:00:00,2020-12-19 13:00:00,7.265032,0
2020-12-19 13:00:00,2020-12-19 14:00:00,9.641563,0
2020-12-19 14:00:00,2020-12-19 15:00:00,9.49833,0.0005
2020-12-19 15:00:00,2020-12-19 16:00:00,7.6647,0
2020-12-19 16:00:00,2020-12-19 17:00:00,7.351047,0
2020-12-19 17:00:00,2020-12-19 18:00:00,7.247346,0.0008333334
2020-12-19 18:00:00,2020-12-19 19:00:00,8.424931,0
2020-12-19 19:00:00,2020-12-19 20:00:00,11.09621,0
2020-12-19 20:00:00,2020-12-19 21:00:00,11.42201,0
2020-12-19 21:00:00,2020-12-19 22:00:00,10.70175,0.005
2020-12-19 22:00:00,2020-12-19 23:00:00,8.215414,0.03083333
2020-12-19 23:00:00,2020-12-20 00:00:00,9.718614,0
2020-12-20 00:00:00,2020-12-20 01:00:00,11.59787,0
2020-12-20 01:00:00,2020-12-20 02:00:00,10.36133,0.0605
2020-12-20 02:00:00,2020-12-20 03:00:00,10.60155,0.0805
2020-12-20 03:00:00,2020-12-20 04:00:00,8.664474,0.02033333
2020-12-20 04:00:00,2020-12-20 05:00:00,11.8006,0.06233334
2020-12-20 05:00:00,2020-12-20 06:00:00,12.02095,0.02216667
2020-12-20 06:00:00,2020-12-20 07:00:00,11.9317,0
2020-12-20 07:00:00,2020-12-20 08:00:00,11.64456,0
2020-12-20 08:00:00,2020-12-20 09:00:00,11.53432,0.001666667
2020-12-20 09:00:00,2020-12-20 10:00:00,10.48749,0.001833333
2020-12-20 10:00:00,2020-12-20 11:00:00,10.48446,0.002
2020-12-20 11:00:00,2020-12-20 12:00:00,11.0685,0.02066667
2020-12-20 12:00:00,2020-12-20 13:00:00,10.67577,0.02716667
2020-12-20 13:00:00,2020-12-20 14:00:00,10.4153,0.02483333
2020-12-20 14:00:00,2020-12-20 15:00:00,10.19384,0.04283333
2020-12-20 15:00:00,2020-12-20 16:00:00,9.961013,0.3135
2020-12-20 16:00:00,2020-12-20 17:00:00,9.819234,0.002833333
2020-12-20 17:00:00,2020-12-20 18:00:00,9.768226,0.006333334
2020-12-20 18:00:00,2020-12-20 19:00:00,9.791529,0
2020-12-20 19:00:00,2020-12-20 20:00:00,9.634688,0
2020-12-20 20:00:00,2020-12-20 21:00:00,9.573927,0
2020-12-20 21:00:00,2020-12-20 22:00:00,9.61856,0
2020-12-20 22:00:00,2020-12-20 23:00:00,9.527415,0
2020-12-20 23:00:00,2020-12-21 00:00:00,9.158446,0
