id,date_time,temp,lux
1,2020-11-30 00:00,NA,NA
2,2020-11-30 00:10,NA,NA
3,2020-11-30 00:20,NA,NA
4,2020-11-30 00:30,NA,NA
5,2020-11-30 00:40,NA,NA
6,2020-11-30 00:50,NA,NA
7,2020-11-30 01:00,NA,NA
8,2020-11-30 01:10,NA,NA
9,2020-11-30 01:20,NA,NA
10,2020-11-30 01:30,NA,NA
11,2020-11-30 01:40,NA,NA
12,2020-11-30 01:50,NA,NA
13,2020-11-30 02:00,NA,NA
14,2020-11-30 02:10,NA,NA
15,2020-11-30 02:20,NA,NA
16,2020-11-30 02:30,NA,NA
17,2020-11-30 02:40,NA,NA
18,2020-11-30 02:50,NA,NA
19,2020-11-30 03:00,NA,NA
20,2020-11-30 03:10,NA,NA
21,2020-11-30 03:20,NA,NA
22,2020-11-30 03:30,NA,NA
23,2020-11-30 03:40,NA,NA
24,2020-11-30 03:50,NA,NA
25,2020-11-30 04:00,NA,NA
26,2020-11-30 04:10,NA,NA
27,2020-11-30 04:20,NA,NA
28,2020-11-30 04:30,NA,NA
29,2020-11-30 04:40,NA,NA
30,2020-11-30 04:50,NA,NA
31,2020-11-30 05:00,NA,NA
32,2020-11-30 05:10,NA,NA
33,2020-11-30 05:20,NA,NA
34,2020-11-30 05:30,NA,NA
35,2020-11-30 05:40,NA,NA
36,2020-11-30 05:50,NA,NA
37,2020-11-30 06:00,NA,NA
38,2020-11-30 06:10,NA,NA
39,2020-11-30 06:20,NA,NA
40,2020-11-30 06:30,NA,NA
41,2020-11-30 06:40,NA,NA
42,2020-11-30 06:50,NA,NA
43,2020-11-30 07:00,NA,NA
44,2020-11-30 07:10,NA,NA
45,2020-11-30 07:20,NA,NA
46,2020-11-30 07:30,NA,NA
47,2020-11-30 07:40,NA,NA
48,2020-11-30 07:50,NA,NA
49,2020-11-30 08:00,NA,NA
50,2020-11-30 08:10,NA,NA
51,2020-11-30 08:20,NA,NA
52,2020-11-30 08:30,NA,NA
53,2020-11-30 08:40,NA,NA
54,2020-11-30 08:50,NA,NA
55,2020-11-30 09:00,NA,NA
56,2020-11-30 09:10,NA,NA
57,2020-11-30 09:20,NA,NA
58,2020-11-30 09:30,NA,NA
59,2020-11-30 09:40,NA,NA
60,2020-11-30 09:50,NA,NA
61,2020-11-30 10:00,NA,NA
62,2020-11-30 10:10,NA,NA
63,2020-11-30 10:20,NA,NA
64,2020-11-30 10:30,NA,NA
65,2020-11-30 10:40,NA,NA
66,2020-11-30 10:50,NA,NA
67,2020-11-30 11:00,NA,NA
68,2020-11-30 11:10,NA,NA
69,2020-11-30 11:20,NA,NA
70,2020-11-30 11:30,NA,NA
71,2020-11-30 11:40,NA,NA
72,2020-11-30 11:50,NA,NA
73,2020-11-30 12:00,NA,NA
74,2020-11-30 12:10,NA,NA
75,2020-11-30 12:20,NA,NA
76,2020-11-30 12:30,NA,NA
77,2020-11-30 12:40,NA,NA
78,2020-11-30 12:50,NA,NA
79,2020-11-30 13:00,NA,NA
80,2020-11-30 13:10,NA,NA
81,2020-11-30 13:20,NA,NA
82,2020-11-30 13:30,NA,NA
83,2020-11-30 13:40,NA,NA
84,2020-11-30 13:50,NA,NA
85,2020-11-30 14:00,NA,NA
86,2020-11-30 14:10,NA,NA
87,2020-11-30 14:20,NA,NA
88,2020-11-30 14:30,NA,NA
89,2020-11-30 14:40,NA,NA
90,2020-11-30 14:50,NA,NA
91,2020-11-30 15:00,NA,NA
92,2020-11-30 15:10,NA,NA
93,2020-11-30 15:20,NA,NA
94,2020-11-30 15:30,NA,NA
95,2020-11-30 15:40,NA,NA
96,2020-11-30 15:50,NA,NA
97,2020-11-30 16:00,NA,NA
98,2020-11-30 16:10,NA,NA
99,2020-11-30 16:20,NA,NA
100,2020-11-30 16:30,NA,NA
101,2020-11-30 16:40,NA,NA
102,2020-11-30 16:50,NA,NA
103,2020-11-30 17:00,NA,NA
104,2020-11-30 17:10,NA,NA
105,2020-11-30 17:20,NA,NA
106,2020-11-30 17:30,NA,NA
107,2020-11-30 17:40,NA,NA
108,2020-11-30 17:50,NA,NA
109,2020-11-30 18:00,4.102,0
110,2020-11-30 18:10,4.102,0
111,2020-11-30 18:20,4.102,0
112,2020-11-30 18:30,4.102,0
113,2020-11-30 18:40,4.519,0
114,2020-11-30 18:50,4.311,0
115,2020-11-30 19:00,4.311,0
116,2020-11-30 19:10,3.998,0
117,2020-11-30 19:20,3.788,0
118,2020-11-30 19:30,4.102,0
119,2020-11-30 19:40,3.788,0
120,2020-11-30 19:50,3.998,0
121,2020-11-30 20:00,3.893,0
122,2020-11-30 20:10,3.472,0
123,2020-11-30 20:20,3.367,0
124,2020-11-30 20:30,3.472,0
125,2020-11-30 20:40,3.367,0
126,2020-11-30 20:50,3.472,0
127,2020-11-30 21:00,3.367,0
128,2020-11-30 21:10,3.472,0
129,2020-11-30 21:20,3.683,0
130,2020-11-30 21:30,3.683,0
131,2020-11-30 21:40,3.578,0
132,2020-11-30 21:50,3.578,0
133,2020-11-30 22:00,3.367,0
134,2020-11-30 22:10,3.472,0
135,2020-11-30 22:20,3.472,0
136,2020-11-30 22:30,3.578,0
137,2020-11-30 22:40,3.367,0
138,2020-11-30 22:50,3.578,0
139,2020-11-30 23:00,3.261,0
140,2020-11-30 23:10,3.261,0
141,2020-11-30 23:20,3.367,0
142,2020-11-30 23:30,3.472,0
143,2020-11-30 23:40,3.472,0
144,2020-11-30 23:50,3.683,0
145,2020-12-01 00:00,3.788,0
146,2020-12-01 00:10,3.788,0
147,2020-12-01 00:20,3.788,0
148,2020-12-01 00:30,3.893,0
149,2020-12-01 00:40,3.788,0
150,2020-12-01 00:50,3.578,0
151,2020-12-01 01:00,3.998,0
152,2020-12-01 01:10,3.998,0
153,2020-12-01 01:20,3.472,0
154,2020-12-01 01:30,3.155,0
155,2020-12-01 01:40,2.837,0
156,2020-12-01 01:50,2.624,0
157,2020-12-01 02:00,2.837,0
158,2020-12-01 02:10,2.943,0
159,2020-12-01 02:20,3.155,0
160,2020-12-01 02:30,3.261,0
161,2020-12-01 02:40,3.472,0
162,2020-12-01 02:50,3.683,0
163,2020-12-01 03:00,3.788,0
164,2020-12-01 03:10,3.788,0
165,2020-12-01 03:20,3.893,0
166,2020-12-01 03:30,4.102,0
167,2020-12-01 03:40,4.102,0
168,2020-12-01 03:50,4.207,0
169,2020-12-01 04:00,4.102,0
170,2020-12-01 04:10,4.102,0
171,2020-12-01 04:20,4.207,0
172,2020-12-01 04:30,4.415,0
173,2020-12-01 04:40,4.623,0
174,2020-12-01 04:50,4.727,0
175,2020-12-01 05:00,4.831,0
176,2020-12-01 05:10,4.831,0
177,2020-12-01 05:20,4.831,0
178,2020-12-01 05:30,4.831,0
179,2020-12-01 05:40,4.831,0
180,2020-12-01 05:50,4.831,0
181,2020-12-01 06:00,4.831,0
182,2020-12-01 06:10,4.727,0
183,2020-12-01 06:20,4.311,0
184,2020-12-01 06:30,3.893,0
185,2020-12-01 06:40,3.683,0
186,2020-12-01 06:50,3.578,0
187,2020-12-01 07:00,3.261,0
188,2020-12-01 07:10,3.049,0
189,2020-12-01 07:20,3.049,0
190,2020-12-01 07:30,2.837,0
191,2020-12-01 07:40,2.837,0
192,2020-12-01 07:50,2.943,0
193,2020-12-01 08:00,3.049,0
194,2020-12-01 08:10,2.943,10.8
195,2020-12-01 08:20,2.943,10.8
196,2020-12-01 08:30,2.943,21.5
197,2020-12-01 08:40,2.943,32.3
198,2020-12-01 08:50,3.049,53.8
199,2020-12-01 09:00,3.155,64.6
200,2020-12-01 09:10,3.155,193.8
201,2020-12-01 09:20,3.261,215.3
202,2020-12-01 09:30,3.367,269.1
203,2020-12-01 09:40,3.367,430.6
204,2020-12-01 09:50,3.367,473.6
205,2020-12-01 10:00,3.367,968.8
206,2020-12-01 10:10,3.788,1808.3
207,2020-12-01 10:20,4.102,1054.9
208,2020-12-01 10:30,3.998,1173.3
209,2020-12-01 10:40,3.998,1237.9
210,2020-12-01 10:50,4.102,1022.6
211,2020-12-01 11:00,4.207,1087.2
212,2020-12-01 11:10,4.102,1216.3
213,2020-12-01 11:20,4.207,818.1
214,2020-12-01 11:30,4.415,882.6
215,2020-12-01 11:40,4.623,893.4
216,2020-12-01 11:50,4.623,796.5
217,2020-12-01 12:00,4.727,893.4
218,2020-12-01 12:10,4.623,861.1
219,2020-12-01 12:20,4.831,947.2
220,2020-12-01 12:30,5.141,871.9
221,2020-12-01 12:40,5.244,861.1
222,2020-12-01 12:50,5.347,861.1
223,2020-12-01 13:00,5.347,882.6
224,2020-12-01 13:10,5.552,914.9
225,2020-12-01 13:20,5.552,1237.9
226,2020-12-01 13:30,5.757,1463.9
227,2020-12-01 13:40,5.86,1722.2
228,2020-12-01 13:50,5.962,1377.8
229,2020-12-01 14:00,5.962,1722.2
230,2020-12-01 14:10,6.268,1808.3
231,2020-12-01 14:20,6.37,1377.8
232,2020-12-01 14:30,6.37,1216.3
233,2020-12-01 14:40,6.37,1184
234,2020-12-01 14:50,6.573,893.4
235,2020-12-01 15:00,6.573,1033.3
236,2020-12-01 15:10,6.37,936.5
237,2020-12-01 15:20,6.37,861.1
238,2020-12-01 15:30,6.471,419.8
239,2020-12-01 15:40,6.471,387.5
240,2020-12-01 15:50,6.471,387.5
241,2020-12-01 16:00,6.37,247.6
242,2020-12-01 16:10,6.471,269.1
243,2020-12-01 16:20,6.268,161.5
244,2020-12-01 16:30,6.166,43.1
245,2020-12-01 16:40,6.064,10.8
246,2020-12-01 16:50,6.166,0
247,2020-12-01 17:00,6.166,0
248,2020-12-01 17:10,6.268,0
249,2020-12-01 17:20,6.166,0
250,2020-12-01 17:30,6.166,0
251,2020-12-01 17:40,6.268,0
252,2020-12-01 17:50,6.166,0
253,2020-12-01 18:00,6.268,0
254,2020-12-01 18:10,6.268,0
255,2020-12-01 18:20,6.166,0
256,2020-12-01 18:30,6.268,0
257,2020-12-01 18:40,6.471,0
258,2020-12-01 18:50,6.674,0
259,2020-12-01 19:00,6.674,0
260,2020-12-01 19:10,6.37,0
261,2020-12-01 19:20,6.268,0
262,2020-12-01 19:30,6.268,0
263,2020-12-01 19:40,6.268,0
264,2020-12-01 19:50,6.37,0
265,2020-12-01 20:00,6.268,0
266,2020-12-01 20:10,6.166,0
267,2020-12-01 20:20,6.37,0
268,2020-12-01 20:30,6.166,0
269,2020-12-01 20:40,6.166,0
270,2020-12-01 20:50,6.166,0
271,2020-12-01 21:00,6.166,0
272,2020-12-01 21:10,6.166,0
273,2020-12-01 21:20,6.166,0
274,2020-12-01 21:30,6.064,0
275,2020-12-01 21:40,6.064,0
276,2020-12-01 21:50,5.962,0
277,2020-12-01 22:00,6.064,0
278,2020-12-01 22:10,6.166,0
279,2020-12-01 22:20,6.166,0
280,2020-12-01 22:30,6.166,0
281,2020-12-01 22:40,6.166,0
282,2020-12-01 22:50,5.962,0
283,2020-12-01 23:00,5.86,0
284,2020-12-01 23:10,5.86,0
285,2020-12-01 23:20,5.962,0
286,2020-12-01 23:30,6.166,0
287,2020-12-01 23:40,6.471,0
288,2020-12-01 23:50,6.37,0
289,2020-12-02 00:00,6.573,0
290,2020-12-02 00:10,6.37,0
291,2020-12-02 00:20,6.573,0
292,2020-12-02 00:30,6.268,0
293,2020-12-02 00:40,6.064,0
294,2020-12-02 00:50,5.86,0
295,2020-12-02 01:00,5.655,0
296,2020-12-02 01:10,5.552,0
297,2020-12-02 01:20,5.552,0
298,2020-12-02 01:30,5.552,0
299,2020-12-02 01:40,5.347,0
300,2020-12-02 01:50,5.244,0
301,2020-12-02 02:00,5.141,0
302,2020-12-02 02:10,5.037,0
303,2020-12-02 02:20,5.141,0
304,2020-12-02 02:30,5.141,0
305,2020-12-02 02:40,5.141,0
306,2020-12-02 02:50,4.934,0
307,2020-12-02 03:00,5.141,0
308,2020-12-02 03:10,5.037,0
309,2020-12-02 03:20,5.037,0
310,2020-12-02 03:30,5.037,0
311,2020-12-02 03:40,4.934,0
312,2020-12-02 03:50,4.934,0
313,2020-12-02 04:00,4.934,0
314,2020-12-02 04:10,5.037,0
315,2020-12-02 04:20,5.037,0
316,2020-12-02 04:30,5.037,0
317,2020-12-02 04:40,4.934,0
318,2020-12-02 04:50,4.934,0
319,2020-12-02 05:00,4.934,0
320,2020-12-02 05:10,4.831,0
321,2020-12-02 05:20,4.831,0
322,2020-12-02 05:30,4.831,0
323,2020-12-02 05:40,4.727,0
324,2020-12-02 05:50,4.831,0
325,2020-12-02 06:00,4.831,0
326,2020-12-02 06:10,4.934,0
327,2020-12-02 06:20,4.934,0
328,2020-12-02 06:30,5.037,0
329,2020-12-02 06:40,5.037,0
330,2020-12-02 06:50,4.934,0
331,2020-12-02 07:00,4.934,0
332,2020-12-02 07:10,5.037,0
333,2020-12-02 07:20,5.037,0
334,2020-12-02 07:30,5.141,0
335,2020-12-02 07:40,5.037,0
336,2020-12-02 07:50,5.037,0
337,2020-12-02 08:00,5.037,10.8
338,2020-12-02 08:10,5.037,32.3
339,2020-12-02 08:20,5.037,64.6
340,2020-12-02 08:30,5.141,86.1
341,2020-12-02 08:40,5.347,96.9
342,2020-12-02 08:50,5.552,118.4
343,2020-12-02 09:00,5.552,161.5
344,2020-12-02 09:10,5.552,269.1
345,2020-12-02 09:20,5.552,398.3
346,2020-12-02 09:30,5.552,279.9
347,2020-12-02 09:40,5.45,430.6
348,2020-12-02 09:50,5.347,516.7
349,2020-12-02 10:00,5.347,775
350,2020-12-02 10:10,5.347,861.1
351,2020-12-02 10:20,5.45,1097.9
352,2020-12-02 10:30,5.45,1011.8
353,2020-12-02 10:40,5.552,602.8
354,2020-12-02 10:50,5.655,1377.8
355,2020-12-02 11:00,5.86,1463.9
356,2020-12-02 11:10,6.166,1377.8
357,2020-12-02 11:20,5.962,1033.3
358,2020-12-02 11:30,5.962,893.4
359,2020-12-02 11:40,6.166,1808.3
360,2020-12-02 11:50,6.37,2927.8
361,2020-12-02 12:00,6.775,5166.7
362,2020-12-02 12:10,6.573,1722.2
363,2020-12-02 12:20,6.37,1291.7
364,2020-12-02 12:30,6.268,1356.3
365,2020-12-02 12:40,6.37,2066.7
366,2020-12-02 12:50,6.37,1377.8
367,2020-12-02 13:00,6.471,1377.8
368,2020-12-02 13:10,6.471,1550
369,2020-12-02 13:20,6.37,1550
370,2020-12-02 13:30,6.573,1636.1
371,2020-12-02 13:40,6.674,1894.5
372,2020-12-02 13:50,6.877,1291.7
373,2020-12-02 14:00,6.775,1463.9
374,2020-12-02 14:10,7.079,1636.1
375,2020-12-02 14:20,7.179,1377.8
376,2020-12-02 14:30,7.179,1463.9
377,2020-12-02 14:40,7.179,1550
378,2020-12-02 14:50,7.179,1463.9
379,2020-12-02 15:00,7.179,1054.9
380,2020-12-02 15:10,7.079,1054.9
381,2020-12-02 15:20,6.978,839.6
382,2020-12-02 15:30,6.877,656.6
383,2020-12-02 15:40,6.674,516.7
384,2020-12-02 15:50,6.674,419.8
385,2020-12-02 16:00,6.37,279.9
386,2020-12-02 16:10,6.37,172.2
387,2020-12-02 16:20,6.166,96.9
388,2020-12-02 16:30,6.064,43.1
389,2020-12-02 16:40,5.962,21.5
390,2020-12-02 16:50,5.757,0
391,2020-12-02 17:00,5.552,0
392,2020-12-02 17:10,5.45,0
393,2020-12-02 17:20,5.552,0
394,2020-12-02 17:30,5.347,0
395,2020-12-02 17:40,5.347,0
396,2020-12-02 17:50,5.141,0
397,2020-12-02 18:00,5.141,0
398,2020-12-02 18:10,5.244,0
399,2020-12-02 18:20,5.244,0
400,2020-12-02 18:30,5.244,0
401,2020-12-02 18:40,5.141,0
402,2020-12-02 18:50,5.037,0
403,2020-12-02 19:00,5.037,0
404,2020-12-02 19:10,5.037,0
405,2020-12-02 19:20,5.037,0
406,2020-12-02 19:30,5.141,0
407,2020-12-02 19:40,5.141,0
408,2020-12-02 19:50,5.141,0
409,2020-12-02 20:00,5.037,0
410,2020-12-02 20:10,4.934,0
411,2020-12-02 20:20,4.831,0
412,2020-12-02 20:30,4.831,0
413,2020-12-02 20:40,4.934,0
414,2020-12-02 20:50,4.831,0
415,2020-12-02 21:00,4.831,0
416,2020-12-02 21:10,4.831,0
417,2020-12-02 21:20,4.934,0
418,2020-12-02 21:30,4.934,0
419,2020-12-02 21:40,4.831,0
420,2020-12-02 21:50,4.831,0
421,2020-12-02 22:00,4.831,0
422,2020-12-02 22:10,4.831,0
423,2020-12-02 22:20,4.831,0
424,2020-12-02 22:30,4.831,0
425,2020-12-02 22:40,4.727,0
426,2020-12-02 22:50,4.727,0
427,2020-12-02 23:00,4.831,0
428,2020-12-02 23:10,4.934,0
429,2020-12-02 23:20,4.934,0
430,2020-12-02 23:30,4.934,0
431,2020-12-02 23:40,4.934,0
432,2020-12-02 23:50,4.831,0
433,2020-12-03 00:00,4.727,0
434,2020-12-03 00:10,4.831,0
435,2020-12-03 00:20,4.831,0
436,2020-12-03 00:30,4.831,0
437,2020-12-03 00:40,4.831,0
438,2020-12-03 00:50,4.831,0
439,2020-12-03 01:00,4.831,0
440,2020-12-03 01:10,4.623,0
441,2020-12-03 01:20,4.415,0
442,2020-12-03 01:30,4.415,0
443,2020-12-03 01:40,4.415,0
444,2020-12-03 01:50,4.519,0
445,2020-12-03 02:00,4.519,0
446,2020-12-03 02:10,4.311,0
447,2020-12-03 02:20,4.207,0
448,2020-12-03 02:30,4.311,0
449,2020-12-03 02:40,4.415,0
450,2020-12-03 02:50,4.519,0
451,2020-12-03 03:00,4.519,0
452,2020-12-03 03:10,4.519,0
453,2020-12-03 03:20,4.623,0
454,2020-12-03 03:30,4.934,0
455,2020-12-03 03:40,5.141,0
456,2020-12-03 03:50,5.037,0
457,2020-12-03 04:00,4.934,0
458,2020-12-03 04:10,4.934,0
459,2020-12-03 04:20,5.037,0
460,2020-12-03 04:30,5.141,0
461,2020-12-03 04:40,5.347,0
462,2020-12-03 04:50,5.141,0
463,2020-12-03 05:00,5.552,0
464,2020-12-03 05:10,5.45,0
465,2020-12-03 05:20,5.141,0
466,2020-12-03 05:30,5.244,0
467,2020-12-03 05:40,5.037,0
468,2020-12-03 05:50,5.141,0
469,2020-12-03 06:00,5.244,0
470,2020-12-03 06:10,5.244,0
471,2020-12-03 06:20,5.244,0
472,2020-12-03 06:30,5.141,0
473,2020-12-03 06:40,5.141,0
474,2020-12-03 06:50,5.037,0
475,2020-12-03 07:00,5.141,0
476,2020-12-03 07:10,5.244,0
477,2020-12-03 07:20,5.347,0
478,2020-12-03 07:30,5.45,0
479,2020-12-03 07:40,5.141,0
480,2020-12-03 07:50,5.141,10.8
481,2020-12-03 08:00,5.141,75.3
482,2020-12-03 08:10,5.244,118.4
483,2020-12-03 08:20,5.244,312.2
484,2020-12-03 08:30,5.347,398.3
485,2020-12-03 08:40,5.45,269.1
486,2020-12-03 08:50,5.244,322.9
487,2020-12-03 09:00,5.141,419.8
488,2020-12-03 09:10,5.141,236.8
489,2020-12-03 09:20,5.037,462.9
490,2020-12-03 09:30,5.141,1065.6
491,2020-12-03 09:40,5.347,1054.9
492,2020-12-03 09:50,5.45,645.8
493,2020-12-03 10:00,5.45,1280.9
494,2020-12-03 10:10,5.552,1141
495,2020-12-03 10:20,5.655,1722.2
496,2020-12-03 10:30,5.86,1636.1
497,2020-12-03 10:40,6.064,2152.8
498,2020-12-03 10:50,6.268,1894.5
499,2020-12-03 11:00,6.268,1377.8
500,2020-12-03 11:10,6.268,1345.5
501,2020-12-03 11:20,6.471,1463.9
502,2020-12-03 11:30,6.471,1550
503,2020-12-03 11:40,6.37,1367
504,2020-12-03 11:50,6.268,1550
505,2020-12-03 12:00,6.471,1550
506,2020-12-03 12:10,6.573,1550
507,2020-12-03 12:20,6.877,1550
508,2020-12-03 12:30,7.179,1636.1
509,2020-12-03 12:40,7.079,1722.2
510,2020-12-03 12:50,6.978,2497.2
511,2020-12-03 13:00,6.978,2066.7
512,2020-12-03 13:10,7.179,2927.8
513,2020-12-03 13:20,7.381,2325
514,2020-12-03 13:30,7.582,1722.2
515,2020-12-03 13:40,7.782,1313.2
516,2020-12-03 13:50,7.882,1022.6
517,2020-12-03 14:00,7.582,861.1
518,2020-12-03 14:10,7.481,839.6
519,2020-12-03 14:20,7.682,871.9
520,2020-12-03 14:30,7.882,1173.3
521,2020-12-03 14:40,7.983,1550
522,2020-12-03 14:50,7.983,1894.5
523,2020-12-03 15:00,8.182,1076.4
524,2020-12-03 15:10,7.983,1345.5
525,2020-12-03 15:20,8.182,2066.7
526,2020-12-03 15:30,8.382,1550
527,2020-12-03 15:40,8.382,710.4
528,2020-12-03 15:50,8.282,279.9
529,2020-12-03 16:00,7.983,183
530,2020-12-03 16:10,7.682,161.5
531,2020-12-03 16:20,7.582,107.6
532,2020-12-03 16:30,7.381,53.8
533,2020-12-03 16:40,7.28,21.5
534,2020-12-03 16:50,6.978,0
535,2020-12-03 17:00,6.674,0
536,2020-12-03 17:10,6.573,0
537,2020-12-03 17:20,6.471,0
538,2020-12-03 17:30,6.166,0
539,2020-12-03 17:40,5.86,0
540,2020-12-03 17:50,5.757,0
541,2020-12-03 18:00,5.655,0
542,2020-12-03 18:10,5.45,0
543,2020-12-03 18:20,5.347,0
544,2020-12-03 18:30,5.244,0
545,2020-12-03 18:40,5.244,0
546,2020-12-03 18:50,5.347,0
547,2020-12-03 19:00,5.347,0
548,2020-12-03 19:10,5.655,0
549,2020-12-03 19:20,5.86,0
550,2020-12-03 19:30,5.962,0
551,2020-12-03 19:40,6.064,0
552,2020-12-03 19:50,6.166,0
553,2020-12-03 20:00,6.268,0
554,2020-12-03 20:10,6.166,0
555,2020-12-03 20:20,5.962,0
556,2020-12-03 20:30,6.064,0
557,2020-12-03 20:40,6.268,0
558,2020-12-03 20:50,6.471,0
559,2020-12-03 21:00,6.37,0
560,2020-12-03 21:10,6.573,0
561,2020-12-03 21:20,6.573,0
562,2020-12-03 21:30,6.573,0
563,2020-12-03 21:40,6.674,0
564,2020-12-03 21:50,6.877,0
565,2020-12-03 22:00,6.775,0
566,2020-12-03 22:10,6.775,0
567,2020-12-03 22:20,6.775,0
568,2020-12-03 22:30,6.775,0
569,2020-12-03 22:40,7.079,0
570,2020-12-03 22:50,7.381,0
571,2020-12-03 23:00,7.682,0
572,2020-12-03 23:10,7.682,0
573,2020-12-03 23:20,7.481,0
574,2020-12-03 23:30,7.481,0
575,2020-12-03 23:40,7.481,0
576,2020-12-03 23:50,7.682,0
577,2020-12-04 00:00,7.682,0
578,2020-12-04 00:10,8.182,0
579,2020-12-04 00:20,8.481,0
580,2020-12-04 00:30,8.779,0
581,2020-12-04 00:40,8.779,0
582,2020-12-04 00:50,8.978,0
583,2020-12-04 01:00,9.176,0
584,2020-12-04 01:10,9.077,0
585,2020-12-04 01:20,9.077,0
586,2020-12-04 01:30,9.275,0
587,2020-12-04 01:40,9.571,0
588,2020-12-04 01:50,9.669,0
589,2020-12-04 02:00,9.571,0
590,2020-12-04 02:10,9.571,0
591,2020-12-04 02:20,9.669,0
592,2020-12-04 02:30,9.472,0
593,2020-12-04 02:40,9.472,0
594,2020-12-04 02:50,9.571,0
595,2020-12-04 03:00,9.472,0
596,2020-12-04 03:10,9.571,0
597,2020-12-04 03:20,9.571,0
598,2020-12-04 03:30,9.571,0
599,2020-12-04 03:40,9.768,0
600,2020-12-04 03:50,9.373,0
601,2020-12-04 04:00,9.275,0
602,2020-12-04 04:10,9.373,0
603,2020-12-04 04:20,9.472,0
604,2020-12-04 04:30,9.669,0
605,2020-12-04 04:40,9.768,0
606,2020-12-04 04:50,9.571,0
607,2020-12-04 05:00,9.571,0
608,2020-12-04 05:10,9.571,0
609,2020-12-04 05:20,9.472,0
610,2020-12-04 05:30,9.571,0
611,2020-12-04 05:40,9.472,0
612,2020-12-04 05:50,9.472,0
613,2020-12-04 06:00,9.373,0
614,2020-12-04 06:10,9.275,0
615,2020-12-04 06:20,8.978,0
616,2020-12-04 06:30,8.978,0
617,2020-12-04 06:40,9.077,0
618,2020-12-04 06:50,9.077,0
619,2020-12-04 07:00,8.978,0
620,2020-12-04 07:10,9.077,0
621,2020-12-04 07:20,9.077,0
622,2020-12-04 07:30,9.077,0
623,2020-12-04 07:40,9.077,0
624,2020-12-04 07:50,8.68,0
625,2020-12-04 08:00,8.382,0
626,2020-12-04 08:10,8.282,21.5
627,2020-12-04 08:20,7.983,43.1
628,2020-12-04 08:30,7.782,118.4
629,2020-12-04 08:40,7.882,161.5
630,2020-12-04 08:50,7.882,753.5
631,2020-12-04 09:00,7.983,667.4
632,2020-12-04 09:10,8.082,958
633,2020-12-04 09:20,8.282,861.1
634,2020-12-04 09:30,8.182,775
635,2020-12-04 09:40,8.182,441.3
636,2020-12-04 09:50,8.082,602.8
637,2020-12-04 10:00,8.182,667.4
638,2020-12-04 10:10,8.082,645.8
639,2020-12-04 10:20,7.882,958
640,2020-12-04 10:30,7.782,785.8
641,2020-12-04 10:40,8.082,1076.4
642,2020-12-04 10:50,8.182,1097.9
643,2020-12-04 11:00,8.282,1808.3
644,2020-12-04 11:10,7.882,1722.2
645,2020-12-04 11:20,7.882,1722.2
646,2020-12-04 11:30,7.782,958
647,2020-12-04 11:40,7.782,1227.1
648,2020-12-04 11:50,7.882,1001
649,2020-12-04 12:00,7.983,1205.6
650,2020-12-04 12:10,8.082,1162.5
651,2020-12-04 12:20,8.182,958
652,2020-12-04 12:30,8.182,1108.7
653,2020-12-04 12:40,8.282,1463.9
654,2020-12-04 12:50,8.382,1237.9
655,2020-12-04 13:00,8.282,1377.8
656,2020-12-04 13:10,8.382,1108.7
657,2020-12-04 13:20,8.68,1097.9
658,2020-12-04 13:30,8.779,1011.8
659,2020-12-04 13:40,8.879,893.4
660,2020-12-04 13:50,8.68,914.9
661,2020-12-04 14:00,8.382,656.6
662,2020-12-04 14:10,7.983,441.3
663,2020-12-04 14:20,7.782,624.3
664,2020-12-04 14:30,7.782,990.3
665,2020-12-04 14:40,7.682,1463.9
666,2020-12-04 14:50,7.582,796.5
667,2020-12-04 15:00,7.582,1108.7
668,2020-12-04 15:10,7.682,914.9
669,2020-12-04 15:20,7.682,893.4
670,2020-12-04 15:30,7.481,699.7
671,2020-12-04 15:40,7.481,452.1
672,2020-12-04 15:50,7.582,484.4
673,2020-12-04 16:00,7.582,161.5
674,2020-12-04 16:10,7.682,139.9
675,2020-12-04 16:20,7.682,43.1
676,2020-12-04 16:30,7.782,32.3
677,2020-12-04 16:40,7.782,10.8
678,2020-12-04 16:50,7.682,0
679,2020-12-04 17:00,7.782,0
680,2020-12-04 17:10,7.682,0
681,2020-12-04 17:20,7.682,0
682,2020-12-04 17:30,7.782,0
683,2020-12-04 17:40,7.682,0
684,2020-12-04 17:50,7.682,0
685,2020-12-04 18:00,7.682,0
686,2020-12-04 18:10,7.582,0
687,2020-12-04 18:20,7.582,0
688,2020-12-04 18:30,7.682,0
689,2020-12-04 18:40,7.481,0
690,2020-12-04 18:50,7.28,0
691,2020-12-04 19:00,7.28,0
692,2020-12-04 19:10,7.28,0
693,2020-12-04 19:20,7.079,0
694,2020-12-04 19:30,6.978,0
695,2020-12-04 19:40,6.978,0
696,2020-12-04 19:50,6.775,0
697,2020-12-04 20:00,6.775,0
698,2020-12-04 20:10,6.877,0
699,2020-12-04 20:20,6.775,0
700,2020-12-04 20:30,6.775,0
701,2020-12-04 20:40,6.674,0
702,2020-12-04 20:50,6.674,0
703,2020-12-04 21:00,6.674,0
704,2020-12-04 21:10,6.877,0
705,2020-12-04 21:20,7.079,0
706,2020-12-04 21:30,6.978,0
707,2020-12-04 21:40,6.877,0
708,2020-12-04 21:50,6.978,0
709,2020-12-04 22:00,6.877,0
710,2020-12-04 22:10,6.775,0
711,2020-12-04 22:20,6.674,0
712,2020-12-04 22:30,6.674,0
713,2020-12-04 22:40,6.573,0
714,2020-12-04 22:50,6.573,0
715,2020-12-04 23:00,6.573,0
716,2020-12-04 23:10,6.573,0
717,2020-12-04 23:20,6.674,0
718,2020-12-04 23:30,6.573,0
719,2020-12-04 23:40,6.573,0
720,2020-12-04 23:50,6.268,0
721,2020-12-05 00:00,5.86,0
722,2020-12-05 00:10,5.655,0
723,2020-12-05 00:20,5.552,0
724,2020-12-05 00:30,5.45,0
725,2020-12-05 00:40,5.347,0
726,2020-12-05 00:50,5.244,0
727,2020-12-05 01:00,5.141,0
728,2020-12-05 01:10,5.244,0
729,2020-12-05 01:20,5.244,0
730,2020-12-05 01:30,5.347,0
731,2020-12-05 01:40,5.244,0
732,2020-12-05 01:50,5.244,0
733,2020-12-05 02:00,5.244,0
734,2020-12-05 02:10,5.347,0
735,2020-12-05 02:20,5.347,0
736,2020-12-05 02:30,5.45,0
737,2020-12-05 02:40,5.347,0
738,2020-12-05 02:50,5.45,0
739,2020-12-05 03:00,5.45,0
740,2020-12-05 03:10,5.347,0
741,2020-12-05 03:20,5.45,0
742,2020-12-05 03:30,5.141,0
743,2020-12-05 03:40,5.037,0
744,2020-12-05 03:50,5.347,0
745,2020-12-05 04:00,5.552,0
746,2020-12-05 04:10,5.45,0
747,2020-12-05 04:20,5.552,0
748,2020-12-05 04:30,5.552,0
749,2020-12-05 04:40,5.962,0
750,2020-12-05 04:50,6.064,0
751,2020-12-05 05:00,6.064,0
752,2020-12-05 05:10,5.86,0
753,2020-12-05 05:20,5.757,0
754,2020-12-05 05:30,5.552,0
755,2020-12-05 05:40,5.757,0
756,2020-12-05 05:50,5.757,0
757,2020-12-05 06:00,5.86,0
758,2020-12-05 06:10,5.962,0
759,2020-12-05 06:20,5.86,0
760,2020-12-05 06:30,5.757,0
761,2020-12-05 06:40,5.86,0
762,2020-12-05 06:50,5.86,0
763,2020-12-05 07:00,5.962,0
764,2020-12-05 07:10,5.86,0
765,2020-12-05 07:20,5.86,0
766,2020-12-05 07:30,5.962,0
767,2020-12-05 07:40,5.757,0
768,2020-12-05 07:50,5.757,10.8
769,2020-12-05 08:00,5.552,32.3
770,2020-12-05 08:10,5.347,75.3
771,2020-12-05 08:20,5.347,129.2
772,2020-12-05 08:30,5.45,312.2
773,2020-12-05 08:40,5.45,344.4
774,2020-12-05 08:50,5.45,473.6
775,2020-12-05 09:00,5.655,721.2
776,2020-12-05 09:10,5.86,678.1
777,2020-12-05 09:20,5.962,871.9
778,2020-12-05 09:30,6.064,1248.6
779,2020-12-05 09:40,6.268,1550
780,2020-12-05 09:50,6.471,1722.2
781,2020-12-05 10:00,6.573,1722.2
782,2020-12-05 10:10,6.471,1722.2
783,2020-12-05 10:20,6.268,1722.2
784,2020-12-05 10:30,6.471,1808.3
785,2020-12-05 10:40,6.573,2066.7
786,2020-12-05 10:50,6.978,2411.1
787,2020-12-05 11:00,7.079,2927.8
788,2020-12-05 11:10,7.28,2238.9
789,2020-12-05 11:20,7.381,2411.1
790,2020-12-05 11:30,7.582,2927.8
791,2020-12-05 11:40,7.782,2325
792,2020-12-05 11:50,7.782,2152.8
793,2020-12-05 12:00,7.782,2583.4
794,2020-12-05 12:10,7.983,2411.1
795,2020-12-05 12:20,8.082,1980.6
796,2020-12-05 12:30,7.983,2497.2
797,2020-12-05 12:40,8.182,2238.9
798,2020-12-05 12:50,8.182,2669.5
799,2020-12-05 13:00,8.182,2325
800,2020-12-05 13:10,8.082,3100
801,2020-12-05 13:20,8.282,2238.9
802,2020-12-05 13:30,8.481,2411.1
803,2020-12-05 13:40,8.282,1980.6
804,2020-12-05 13:50,7.983,1722.2
805,2020-12-05 14:00,7.983,1894.5
806,2020-12-05 14:10,7.983,1550
807,2020-12-05 14:20,7.983,1550
808,2020-12-05 14:30,7.983,1044.1
809,2020-12-05 14:40,7.983,818.1
810,2020-12-05 14:50,7.983,581.3
811,2020-12-05 15:00,7.882,581.3
812,2020-12-05 15:10,7.882,452.1
813,2020-12-05 15:20,7.682,366
814,2020-12-05 15:30,7.381,366
815,2020-12-05 15:40,7.179,301.4
816,2020-12-05 15:50,7.079,236.8
817,2020-12-05 16:00,6.978,172.2
818,2020-12-05 16:10,6.877,150.7
819,2020-12-05 16:20,6.978,86.1
820,2020-12-05 16:30,6.978,32.3
821,2020-12-05 16:40,6.877,53.8
822,2020-12-05 16:50,6.674,0
823,2020-12-05 17:00,6.775,0
824,2020-12-05 17:10,6.674,0
825,2020-12-05 17:20,6.573,0
826,2020-12-05 17:30,6.471,0
827,2020-12-05 17:40,6.573,0
828,2020-12-05 17:50,6.674,0
829,2020-12-05 18:00,6.573,0
830,2020-12-05 18:10,6.573,0
831,2020-12-05 18:20,6.775,0
832,2020-12-05 18:30,6.775,0
833,2020-12-05 18:40,6.775,0
834,2020-12-05 18:50,6.775,0
835,2020-12-05 19:00,6.775,0
836,2020-12-05 19:10,6.674,0
837,2020-12-05 19:20,6.573,0
838,2020-12-05 19:30,6.471,0
839,2020-12-05 19:40,6.573,0
840,2020-12-05 19:50,6.573,0
841,2020-12-05 20:00,6.674,0
842,2020-12-05 20:10,6.674,0
843,2020-12-05 20:20,6.674,0
844,2020-12-05 20:30,6.877,0
845,2020-12-05 20:40,6.775,0
846,2020-12-05 20:50,6.775,0
847,2020-12-05 21:00,6.775,0
848,2020-12-05 21:10,6.775,0
849,2020-12-05 21:20,6.877,0
850,2020-12-05 21:30,6.775,0
851,2020-12-05 21:40,6.775,0
852,2020-12-05 21:50,6.775,0
853,2020-12-05 22:00,6.674,0
854,2020-12-05 22:10,6.674,0
855,2020-12-05 22:20,6.573,0
856,2020-12-05 22:30,6.471,0
857,2020-12-05 22:40,6.471,0
858,2020-12-05 22:50,6.471,0
859,2020-12-05 23:00,6.471,0
860,2020-12-05 23:10,6.471,0
861,2020-12-05 23:20,6.573,0
862,2020-12-05 23:30,6.471,0
863,2020-12-05 23:40,6.37,0
864,2020-12-05 23:50,6.268,0
865,2020-12-06 00:00,6.268,0
866,2020-12-06 00:10,6.268,0
867,2020-12-06 00:20,6.37,0
868,2020-12-06 00:30,6.268,0
869,2020-12-06 00:40,6.37,0
870,2020-12-06 00:50,6.37,0
871,2020-12-06 01:00,6.37,0
872,2020-12-06 01:10,6.37,0
873,2020-12-06 01:20,6.471,0
874,2020-12-06 01:30,6.37,0
875,2020-12-06 01:40,6.37,0
876,2020-12-06 01:50,6.37,0
877,2020-12-06 02:00,6.471,0
878,2020-12-06 02:10,6.471,0
879,2020-12-06 02:20,6.573,0
880,2020-12-06 02:30,6.573,0
881,2020-12-06 02:40,6.573,0
882,2020-12-06 02:50,6.674,0
883,2020-12-06 03:00,6.674,0
884,2020-12-06 03:10,6.674,0
885,2020-12-06 03:20,6.471,0
886,2020-12-06 03:30,6.573,0
887,2020-12-06 03:40,6.775,0
888,2020-12-06 03:50,6.877,0
889,2020-12-06 04:00,6.775,0
890,2020-12-06 04:10,6.775,0
891,2020-12-06 04:20,6.775,0
892,2020-12-06 04:30,6.775,0
893,2020-12-06 04:40,6.471,0
894,2020-12-06 04:50,6.674,0
895,2020-12-06 05:00,6.573,0
896,2020-12-06 05:10,6.573,0
897,2020-12-06 05:20,6.573,0
898,2020-12-06 05:30,6.775,0
899,2020-12-06 05:40,6.775,0
900,2020-12-06 05:50,6.674,0
901,2020-12-06 06:00,6.573,0
902,2020-12-06 06:10,6.471,0
903,2020-12-06 06:20,6.471,0
904,2020-12-06 06:30,6.268,0
905,2020-12-06 06:40,6.37,0
906,2020-12-06 06:50,6.471,0
907,2020-12-06 07:00,6.573,0
908,2020-12-06 07:10,6.471,0
909,2020-12-06 07:20,6.268,0
910,2020-12-06 07:30,6.268,0
911,2020-12-06 07:40,6.166,0
912,2020-12-06 07:50,6.268,0
913,2020-12-06 08:00,6.37,0
914,2020-12-06 08:10,6.166,0
915,2020-12-06 08:20,6.166,32.3
916,2020-12-06 08:30,6.268,64.6
917,2020-12-06 08:40,6.37,107.6
918,2020-12-06 08:50,6.37,430.6
919,2020-12-06 09:00,6.37,430.6
920,2020-12-06 09:10,6.166,441.3
921,2020-12-06 09:20,6.064,581.3
922,2020-12-06 09:30,6.064,527.4
923,2020-12-06 09:40,6.37,1356.3
924,2020-12-06 09:50,6.573,1334.7
925,2020-12-06 10:00,6.471,871.9
926,2020-12-06 10:10,6.37,1097.9
927,2020-12-06 10:20,6.37,1087.2
928,2020-12-06 10:30,6.37,1227.1
929,2020-12-06 10:40,6.775,1377.8
930,2020-12-06 10:50,6.775,1722.2
931,2020-12-06 11:00,6.674,2325
932,2020-12-06 11:10,6.877,2669.5
933,2020-12-06 11:20,7.079,2411.1
934,2020-12-06 11:30,7.381,1377.8
935,2020-12-06 11:40,7.179,1173.3
936,2020-12-06 11:50,6.877,1044.1
937,2020-12-06 12:00,6.775,742.7
938,2020-12-06 12:10,6.978,818.1
939,2020-12-06 12:20,6.978,882.6
940,2020-12-06 12:30,7.179,1033.3
941,2020-12-06 12:40,7.079,1022.6
942,2020-12-06 12:50,6.877,904.2
943,2020-12-06 13:00,6.978,1130.2
944,2020-12-06 13:10,7.079,936.5
945,2020-12-06 13:20,7.179,936.5
946,2020-12-06 13:30,7.28,785.8
947,2020-12-06 13:40,7.28,710.4
948,2020-12-06 13:50,7.28,731.9
949,2020-12-06 14:00,7.28,1044.1
950,2020-12-06 14:10,7.28,947.2
951,2020-12-06 14:20,7.179,592
952,2020-12-06 14:30,6.978,419.8
953,2020-12-06 14:40,7.079,355.2
954,2020-12-06 14:50,7.079,376.7
955,2020-12-06 15:00,7.179,376.7
956,2020-12-06 15:10,7.28,269.1
957,2020-12-06 15:20,7.381,279.9
958,2020-12-06 15:30,7.381,279.9
959,2020-12-06 15:40,7.381,183
960,2020-12-06 15:50,7.381,118.4
961,2020-12-06 16:00,7.381,86.1
962,2020-12-06 16:10,7.28,107.6
963,2020-12-06 16:20,7.481,75.3
964,2020-12-06 16:30,7.481,129.2
965,2020-12-06 16:40,7.481,10.8
966,2020-12-06 16:50,7.481,0
967,2020-12-06 17:00,7.28,0
968,2020-12-06 17:10,7.381,0
969,2020-12-06 17:20,7.381,0
970,2020-12-06 17:30,7.381,0
971,2020-12-06 17:40,7.481,0
972,2020-12-06 17:50,7.481,0
973,2020-12-06 18:00,7.481,0
974,2020-12-06 18:10,7.381,0
975,2020-12-06 18:20,7.28,0
976,2020-12-06 18:30,7.179,0
977,2020-12-06 18:40,7.179,0
978,2020-12-06 18:50,7.28,0
979,2020-12-06 19:00,7.481,0
980,2020-12-06 19:10,7.582,0
981,2020-12-06 19:20,6.978,0
982,2020-12-06 19:30,6.877,0
983,2020-12-06 19:40,6.775,0
984,2020-12-06 19:50,6.877,0
985,2020-12-06 20:00,6.877,0
986,2020-12-06 20:10,6.877,0
987,2020-12-06 20:20,6.877,0
988,2020-12-06 20:30,6.775,0
989,2020-12-06 20:40,6.775,0
990,2020-12-06 20:50,6.877,0
991,2020-12-06 21:00,7.28,0
992,2020-12-06 21:10,7.179,0
993,2020-12-06 21:20,7.079,0
994,2020-12-06 21:30,6.877,0
995,2020-12-06 21:40,7.079,0
996,2020-12-06 21:50,7.179,0
997,2020-12-06 22:00,7.079,0
998,2020-12-06 22:10,6.978,0
999,2020-12-06 22:20,6.877,0
1000,2020-12-06 22:30,6.877,0
1001,2020-12-06 22:40,6.775,0
1002,2020-12-06 22:50,6.877,0
1003,2020-12-06 23:00,6.978,0
1004,2020-12-06 23:10,6.775,0
1005,2020-12-06 23:20,6.877,0
1006,2020-12-06 23:30,6.877,0
1007,2020-12-06 23:40,6.978,0
1008,2020-12-06 23:50,6.775,0
1009,2020-12-07 00:00,6.674,0
1010,2020-12-07 00:10,6.775,0
1011,2020-12-07 00:20,6.877,0
1012,2020-12-07 00:30,7.079,0
1013,2020-12-07 00:40,6.877,0
1014,2020-12-07 00:50,6.877,0
1015,2020-12-07 01:00,7.179,0
1016,2020-12-07 01:10,7.079,0
1017,2020-12-07 01:20,6.978,0
1018,2020-12-07 01:30,7.179,0
1019,2020-12-07 01:40,7.381,0
1020,2020-12-07 01:50,7.179,0
1021,2020-12-07 02:00,7.179,0
1022,2020-12-07 02:10,7.28,0
1023,2020-12-07 02:20,7.179,0
1024,2020-12-07 02:30,7.28,0
1025,2020-12-07 02:40,7.381,0
1026,2020-12-07 02:50,7.28,0
1027,2020-12-07 03:00,7.28,0
1028,2020-12-07 03:10,7.179,0
1029,2020-12-07 03:20,7.481,0
1030,2020-12-07 03:30,7.179,0
1031,2020-12-07 03:40,7.079,0
1032,2020-12-07 03:50,6.978,0
1033,2020-12-07 04:00,7.079,0
1034,2020-12-07 04:10,6.775,0
1035,2020-12-07 04:20,6.877,0
1036,2020-12-07 04:30,6.775,0
1037,2020-12-07 04:40,6.978,0
1038,2020-12-07 04:50,6.978,0
1039,2020-12-07 05:00,6.775,0
1040,2020-12-07 05:10,6.674,0
1041,2020-12-07 05:20,6.471,0
1042,2020-12-07 05:30,6.37,0
1043,2020-12-07 05:40,6.37,0
1044,2020-12-07 05:50,6.573,0
1045,2020-12-07 06:00,6.674,0
1046,2020-12-07 06:10,6.674,0
1047,2020-12-07 06:20,6.674,0
1048,2020-12-07 06:30,6.674,0
1049,2020-12-07 06:40,6.573,0
1050,2020-12-07 06:50,6.674,0
1051,2020-12-07 07:00,6.573,0
1052,2020-12-07 07:10,6.674,0
1053,2020-12-07 07:20,6.674,0
1054,2020-12-07 07:30,6.674,0
1055,2020-12-07 07:40,6.674,0
1056,2020-12-07 07:50,6.674,0
1057,2020-12-07 08:00,6.471,43.1
1058,2020-12-07 08:10,6.37,279.9
1059,2020-12-07 08:20,6.268,290.6
1060,2020-12-07 08:30,6.268,441.3
1061,2020-12-07 08:40,6.166,484.4
1062,2020-12-07 08:50,6.166,538.2
1063,2020-12-07 09:00,6.064,688.9
1064,2020-12-07 09:10,6.166,1237.9
1065,2020-12-07 09:20,6.37,1334.7
1066,2020-12-07 09:30,6.877,2583.4
1067,2020-12-07 09:40,7.381,3100
1068,2020-12-07 09:50,7.481,2497.2
1069,2020-12-07 10:00,7.381,1463.9
1070,2020-12-07 10:10,7.079,1722.2
1071,2020-12-07 10:20,7.179,1291.7
1072,2020-12-07 10:30,7.481,4305.6
1073,2020-12-07 10:40,7.983,3616.7
1074,2020-12-07 10:50,7.682,1377.8
1075,2020-12-07 11:00,8.082,5511.1
1076,2020-12-07 11:10,8.68,5166.7
1077,2020-12-07 11:20,9.077,4994.5
1078,2020-12-07 11:30,9.472,4305.6
1079,2020-12-07 11:40,9.669,6544.5
1080,2020-12-07 11:50,10.161,6200
1081,2020-12-07 12:00,10.259,5511.1
1082,2020-12-07 12:10,10.651,6200
1083,2020-12-07 12:20,10.455,2927.8
1084,2020-12-07 12:30,10.063,2583.4
1085,2020-12-07 12:40,9.669,3100
1086,2020-12-07 12:50,9.571,2755.6
1087,2020-12-07 13:00,9.571,3100
1088,2020-12-07 13:10,9.571,3616.7
1089,2020-12-07 13:20,9.275,1463.9
1090,2020-12-07 13:30,8.879,1722.2
1091,2020-12-07 13:40,8.581,2152.8
1092,2020-12-07 13:50,8.382,1162.5
1093,2020-12-07 14:00,8.282,1636.1
1094,2020-12-07 14:10,8.282,1377.8
1095,2020-12-07 14:20,8.082,1001
1096,2020-12-07 14:30,7.983,914.9
1097,2020-12-07 14:40,7.983,688.9
1098,2020-12-07 14:50,7.983,1216.3
1099,2020-12-07 15:00,7.983,1011.8
1100,2020-12-07 15:10,8.182,1205.6
1101,2020-12-07 15:20,8.182,807.3
1102,2020-12-07 15:30,8.182,796.5
1103,2020-12-07 15:40,8.082,753.5
1104,2020-12-07 15:50,7.983,495.1
1105,2020-12-07 16:00,8.082,387.5
1106,2020-12-07 16:10,7.983,247.6
1107,2020-12-07 16:20,8.082,150.7
1108,2020-12-07 16:30,7.983,43.1
1109,2020-12-07 16:40,7.983,21.5
1110,2020-12-07 16:50,7.983,0
1111,2020-12-07 17:00,7.983,0
1112,2020-12-07 17:10,7.983,0
1113,2020-12-07 17:20,7.983,0
1114,2020-12-07 17:30,8.082,0
1115,2020-12-07 17:40,8.182,0
1116,2020-12-07 17:50,8.182,0
1117,2020-12-07 18:00,8.182,0
1118,2020-12-07 18:10,8.382,0
1119,2020-12-07 18:20,8.68,0
1120,2020-12-07 18:30,8.68,0
1121,2020-12-07 18:40,8.481,0
1122,2020-12-07 18:50,8.481,0
1123,2020-12-07 19:00,8.282,0
1124,2020-12-07 19:10,7.983,0
1125,2020-12-07 19:20,7.682,0
1126,2020-12-07 19:30,7.481,0
1127,2020-12-07 19:40,7.381,0
1128,2020-12-07 19:50,7.28,0
1129,2020-12-07 20:00,7.079,0
1130,2020-12-07 20:10,6.877,0
1131,2020-12-07 20:20,6.573,0
1132,2020-12-07 20:30,6.471,0
1133,2020-12-07 20:40,6.471,0
1134,2020-12-07 20:50,6.573,0
1135,2020-12-07 21:00,6.37,0
1136,2020-12-07 21:10,6.166,0
1137,2020-12-07 21:20,6.064,0
1138,2020-12-07 21:30,6.064,0
1139,2020-12-07 21:40,6.166,0
1140,2020-12-07 21:50,6.064,0
1141,2020-12-07 22:00,5.962,0
1142,2020-12-07 22:10,5.45,0
1143,2020-12-07 22:20,5.141,0
1144,2020-12-07 22:30,5.141,0
1145,2020-12-07 22:40,4.934,0
1146,2020-12-07 22:50,5.037,0
1147,2020-12-07 23:00,5.037,0
1148,2020-12-07 23:10,5.552,0
1149,2020-12-07 23:20,5.552,0
1150,2020-12-07 23:30,5.45,0
1151,2020-12-07 23:40,5.45,0
1152,2020-12-07 23:50,5.45,0
1153,2020-12-08 00:00,5.655,0
1154,2020-12-08 00:10,5.757,0
1155,2020-12-08 00:20,5.757,0
1156,2020-12-08 00:30,5.757,0
1157,2020-12-08 00:40,5.655,0
1158,2020-12-08 00:50,5.86,0
1159,2020-12-08 01:00,5.86,0
1160,2020-12-08 01:10,5.347,0
1161,2020-12-08 01:20,5.244,0
1162,2020-12-08 01:30,5.347,0
1163,2020-12-08 01:40,5.141,0
1164,2020-12-08 01:50,4.934,0
1165,2020-12-08 02:00,5.037,0
1166,2020-12-08 02:10,5.141,0
1167,2020-12-08 02:20,5.141,0
1168,2020-12-08 02:30,5.244,0
1169,2020-12-08 02:40,5.45,0
1170,2020-12-08 02:50,5.552,0
1171,2020-12-08 03:00,5.45,0
1172,2020-12-08 03:10,5.552,0
1173,2020-12-08 03:20,5.552,0
1174,2020-12-08 03:30,5.45,0
1175,2020-12-08 03:40,5.244,0
1176,2020-12-08 03:50,5.141,0
1177,2020-12-08 04:00,5.141,0
1178,2020-12-08 04:10,4.831,0
1179,2020-12-08 04:20,4.311,0
1180,2020-12-08 04:30,4.102,0
1181,2020-12-08 04:40,4.727,0
1182,2020-12-08 04:50,4.934,0
1183,2020-12-08 05:00,4.934,0
1184,2020-12-08 05:10,4.831,0
1185,2020-12-08 05:20,4.934,0
1186,2020-12-08 05:30,4.934,0
1187,2020-12-08 05:40,4.934,0
1188,2020-12-08 05:50,4.934,0
1189,2020-12-08 06:00,5.037,0
1190,2020-12-08 06:10,5.037,0
1191,2020-12-08 06:20,5.037,0
1192,2020-12-08 06:30,4.934,0
1193,2020-12-08 06:40,4.727,0
1194,2020-12-08 06:50,4.623,0
1195,2020-12-08 07:00,4.519,0
1196,2020-12-08 07:10,4.623,0
1197,2020-12-08 07:20,4.415,0
1198,2020-12-08 07:30,4.311,0
1199,2020-12-08 07:40,4.102,0
1200,2020-12-08 07:50,4.207,0
1201,2020-12-08 08:00,4.207,32.3
1202,2020-12-08 08:10,4.207,86.1
1203,2020-12-08 08:20,4.207,161.5
1204,2020-12-08 08:30,4.207,204.5
1205,2020-12-08 08:40,4.207,301.4
1206,2020-12-08 08:50,4.311,570.5
1207,2020-12-08 09:00,4.519,1044.1
1208,2020-12-08 09:10,4.623,1356.3
1209,2020-12-08 09:20,4.831,1636.1
1210,2020-12-08 09:30,5.552,4305.6
1211,2020-12-08 09:40,5.86,3961.1
1212,2020-12-08 09:50,5.347,2066.7
1213,2020-12-08 10:00,5.347,2411.1
1214,2020-12-08 10:10,5.244,2755.6
1215,2020-12-08 10:20,5.655,3100
1216,2020-12-08 10:30,6.064,3272.2
1217,2020-12-08 10:40,6.573,4305.6
1218,2020-12-08 10:50,6.775,1636.1
1219,2020-12-08 11:00,6.775,4305.6
1220,2020-12-08 11:10,6.978,1550
1221,2020-12-08 11:20,6.877,3961.1
1222,2020-12-08 11:30,7.28,6544.5
1223,2020-12-08 11:40,6.674,2411.1
1224,2020-12-08 11:50,6.37,2066.7
1225,2020-12-08 12:00,7.179,6544.5
1226,2020-12-08 12:10,6.877,2583.4
1227,2020-12-08 12:20,6.775,2927.8
1228,2020-12-08 12:30,6.573,2497.2
1229,2020-12-08 12:40,5.962,2583.4
1230,2020-12-08 12:50,5.757,1463.9
1231,2020-12-08 13:00,5.45,1808.3
1232,2020-12-08 13:10,5.347,1980.6
1233,2020-12-08 13:20,5.552,1894.5
1234,2020-12-08 13:30,5.552,3100
1235,2020-12-08 13:40,5.45,1722.2
1236,2020-12-08 13:50,5.552,1636.1
1237,2020-12-08 14:00,5.552,1141
1238,2020-12-08 14:10,5.552,1377.8
1239,2020-12-08 14:20,5.655,1636.1
1240,2020-12-08 14:30,5.45,1033.3
1241,2020-12-08 14:40,5.347,871.9
1242,2020-12-08 14:50,5.244,850.4
1243,2020-12-08 15:00,5.141,828.8
1244,2020-12-08 15:10,5.037,710.4
1245,2020-12-08 15:20,5.037,764.2
1246,2020-12-08 15:30,5.141,764.2
1247,2020-12-08 15:40,5.244,710.4
1248,2020-12-08 15:50,5.141,559.7
1249,2020-12-08 16:00,5.141,269.1
1250,2020-12-08 16:10,5.141,204.5
1251,2020-12-08 16:20,4.934,96.9
1252,2020-12-08 16:30,5.037,43.1
1253,2020-12-08 16:40,4.934,43.1
1254,2020-12-08 16:50,4.934,0
1255,2020-12-08 17:00,4.934,0
1256,2020-12-08 17:10,4.831,0
1257,2020-12-08 17:20,4.831,0
1258,2020-12-08 17:30,4.727,0
1259,2020-12-08 17:40,4.623,0
1260,2020-12-08 17:50,4.519,0
1261,2020-12-08 18:00,4.519,0
1262,2020-12-08 18:10,4.415,0
1263,2020-12-08 18:20,4.415,0
1264,2020-12-08 18:30,4.415,0
1265,2020-12-08 18:40,4.519,0
1266,2020-12-08 18:50,4.727,0
1267,2020-12-08 19:00,4.831,0
1268,2020-12-08 19:10,5.037,0
1269,2020-12-08 19:20,5.037,0
1270,2020-12-08 19:30,5.141,0
1271,2020-12-08 19:40,5.347,0
1272,2020-12-08 19:50,5.347,0
1273,2020-12-08 20:00,5.347,0
1274,2020-12-08 20:10,5.347,0
1275,2020-12-08 20:20,5.244,0
1276,2020-12-08 20:30,5.244,0
1277,2020-12-08 20:40,5.45,0
1278,2020-12-08 20:50,5.552,0
1279,2020-12-08 21:00,5.552,0
1280,2020-12-08 21:10,5.347,0
1281,2020-12-08 21:20,5.347,0
1282,2020-12-08 21:30,5.244,0
1283,2020-12-08 21:40,5.45,0
1284,2020-12-08 21:50,5.45,0
1285,2020-12-08 22:00,5.552,0
1286,2020-12-08 22:10,5.962,0
1287,2020-12-08 22:20,5.45,0
1288,2020-12-08 22:30,5.037,0
1289,2020-12-08 22:40,4.934,0
1290,2020-12-08 22:50,4.934,0
1291,2020-12-08 23:00,4.831,0
1292,2020-12-08 23:10,4.623,0
1293,2020-12-08 23:20,4.623,0
1294,2020-12-08 23:30,4.623,0
1295,2020-12-08 23:40,4.519,0
1296,2020-12-08 23:50,4.831,0
1297,2020-12-09 00:00,4.934,0
1298,2020-12-09 00:10,5.037,0
1299,2020-12-09 00:20,5.037,0
1300,2020-12-09 00:30,5.244,0
1301,2020-12-09 00:40,5.037,0
1302,2020-12-09 00:50,4.934,0
1303,2020-12-09 01:00,4.934,0
1304,2020-12-09 01:10,4.831,0
1305,2020-12-09 01:20,5.037,0
1306,2020-12-09 01:30,5.141,0
1307,2020-12-09 01:40,5.141,0
1308,2020-12-09 01:50,5.347,0
1309,2020-12-09 02:00,5.45,0
1310,2020-12-09 02:10,5.45,0
1311,2020-12-09 02:20,5.552,0
1312,2020-12-09 02:30,5.45,0
1313,2020-12-09 02:40,5.757,0
1314,2020-12-09 02:50,5.757,0
1315,2020-12-09 03:00,5.655,0
1316,2020-12-09 03:10,5.552,0
1317,2020-12-09 03:20,5.552,0
1318,2020-12-09 03:30,5.45,0
1319,2020-12-09 03:40,5.347,0
1320,2020-12-09 03:50,5.552,0
1321,2020-12-09 04:00,5.45,0
1322,2020-12-09 04:10,5.244,0
1323,2020-12-09 04:20,5.244,0
1324,2020-12-09 04:30,5.141,0
1325,2020-12-09 04:40,5.141,0
1326,2020-12-09 04:50,5.347,0
1327,2020-12-09 05:00,5.347,0
1328,2020-12-09 05:10,5.347,0
1329,2020-12-09 05:20,5.244,0
1330,2020-12-09 05:30,5.141,0
1331,2020-12-09 05:40,4.934,0
1332,2020-12-09 05:50,4.934,0
1333,2020-12-09 06:00,4.934,0
1334,2020-12-09 06:10,5.037,0
1335,2020-12-09 06:20,5.141,0
1336,2020-12-09 06:30,5.347,0
1337,2020-12-09 06:40,5.347,0
1338,2020-12-09 06:50,5.244,0
1339,2020-12-09 07:00,5.45,0
1340,2020-12-09 07:10,5.347,0
1341,2020-12-09 07:20,5.45,0
1342,2020-12-09 07:30,5.45,0
1343,2020-12-09 07:40,5.347,0
1344,2020-12-09 07:50,5.45,0
1345,2020-12-09 08:00,5.347,0
1346,2020-12-09 08:10,5.347,0
1347,2020-12-09 08:20,5.244,10.8
1348,2020-12-09 08:30,5.244,21.5
1349,2020-12-09 08:40,5.347,43.1
1350,2020-12-09 08:50,5.244,53.8
1351,2020-12-09 09:00,5.141,150.7
1352,2020-12-09 09:10,5.141,129.2
1353,2020-12-09 09:20,5.141,86.1
1354,2020-12-09 09:30,5.141,118.4
1355,2020-12-09 09:40,5.347,204.5
1356,2020-12-09 09:50,5.552,430.6
1357,2020-12-09 10:00,5.757,559.7
1358,2020-12-09 10:10,5.757,592
1359,2020-12-09 10:20,5.757,452.1
1360,2020-12-09 10:30,5.757,430.6
1361,2020-12-09 10:40,5.757,484.4
1362,2020-12-09 10:50,5.757,269.1
1363,2020-12-09 11:00,5.86,484.4
1364,2020-12-09 11:10,5.86,344.4
1365,2020-12-09 11:20,5.86,484.4
1366,2020-12-09 11:30,5.86,602.8
1367,2020-12-09 11:40,5.86,495.1
1368,2020-12-09 11:50,5.86,484.4
1369,2020-12-09 12:00,5.86,409
1370,2020-12-09 12:10,5.962,505.9
1371,2020-12-09 12:20,5.962,473.6
1372,2020-12-09 12:30,5.962,366
1373,2020-12-09 12:40,5.655,398.3
1374,2020-12-09 12:50,5.552,355.2
1375,2020-12-09 13:00,5.45,333.7
1376,2020-12-09 13:10,5.244,366
1377,2020-12-09 13:20,5.244,366
1378,2020-12-09 13:30,5.347,387.5
1379,2020-12-09 13:40,5.244,527.4
1380,2020-12-09 13:50,5.141,462.9
1381,2020-12-09 14:00,5.141,462.9
1382,2020-12-09 14:10,5.244,312.2
1383,2020-12-09 14:20,5.347,226
1384,2020-12-09 14:30,5.45,193.8
1385,2020-12-09 14:40,5.244,193.8
1386,2020-12-09 14:50,5.244,215.3
1387,2020-12-09 15:00,5.244,290.6
1388,2020-12-09 15:10,5.347,236.8
1389,2020-12-09 15:20,5.347,183
1390,2020-12-09 15:30,5.347,193.8
1391,2020-12-09 15:40,5.244,129.2
1392,2020-12-09 15:50,5.244,150.7
1393,2020-12-09 16:00,5.347,96.9
1394,2020-12-09 16:10,5.244,96.9
1395,2020-12-09 16:20,5.244,53.8
1396,2020-12-09 16:30,5.141,32.3
1397,2020-12-09 16:40,5.037,10.8
1398,2020-12-09 16:50,5.037,0
1399,2020-12-09 17:00,4.934,0
1400,2020-12-09 17:10,4.934,0
1401,2020-12-09 17:20,4.727,0
1402,2020-12-09 17:30,4.934,0
1403,2020-12-09 17:40,4.831,0
1404,2020-12-09 17:50,4.727,0
1405,2020-12-09 18:00,4.623,0
1406,2020-12-09 18:10,4.727,0
1407,2020-12-09 18:20,4.934,0
1408,2020-12-09 18:30,5.037,0
1409,2020-12-09 18:40,5.141,0
1410,2020-12-09 18:50,4.934,0
1411,2020-12-09 19:00,4.727,0
1412,2020-12-09 19:10,4.727,0
1413,2020-12-09 19:20,4.623,0
1414,2020-12-09 19:30,4.623,0
1415,2020-12-09 19:40,4.623,0
1416,2020-12-09 19:50,4.623,0
1417,2020-12-09 20:00,4.727,0
1418,2020-12-09 20:10,4.727,0
1419,2020-12-09 20:20,4.727,0
1420,2020-12-09 20:30,4.727,0
1421,2020-12-09 20:40,4.623,0
1422,2020-12-09 20:50,4.311,0
1423,2020-12-09 21:00,4.311,0
1424,2020-12-09 21:10,4.207,0
1425,2020-12-09 21:20,4.415,0
1426,2020-12-09 21:30,4.415,0
1427,2020-12-09 21:40,4.727,0
1428,2020-12-09 21:50,4.831,0
1429,2020-12-09 22:00,5.037,0
1430,2020-12-09 22:10,4.934,0
1431,2020-12-09 22:20,4.934,0
1432,2020-12-09 22:30,5.037,0
1433,2020-12-09 22:40,5.037,0
1434,2020-12-09 22:50,5.141,0
1435,2020-12-09 23:00,4.934,0
1436,2020-12-09 23:10,4.831,0
1437,2020-12-09 23:20,4.934,0
1438,2020-12-09 23:30,4.831,0
1439,2020-12-09 23:40,4.727,0
1440,2020-12-09 23:50,4.727,0
1441,2020-12-10 00:00,4.623,0
1442,2020-12-10 00:10,4.727,0
1443,2020-12-10 00:20,4.727,0
1444,2020-12-10 00:30,4.727,0
1445,2020-12-10 00:40,4.727,0
1446,2020-12-10 00:50,4.727,0
1447,2020-12-10 01:00,4.727,0
1448,2020-12-10 01:10,4.727,0
1449,2020-12-10 01:20,4.727,0
1450,2020-12-10 01:30,4.623,0
1451,2020-12-10 01:40,4.727,0
1452,2020-12-10 01:50,4.727,0
1453,2020-12-10 02:00,4.727,0
1454,2020-12-10 02:10,4.623,0
1455,2020-12-10 02:20,4.727,0
1456,2020-12-10 02:30,4.934,0
1457,2020-12-10 02:40,5.141,0
1458,2020-12-10 02:50,5.244,0
1459,2020-12-10 03:00,4.934,0
1460,2020-12-10 03:10,4.727,0
1461,2020-12-10 03:20,4.623,0
1462,2020-12-10 03:30,4.623,0
1463,2020-12-10 03:40,4.519,0
1464,2020-12-10 03:50,4.519,0
1465,2020-12-10 04:00,4.623,0
1466,2020-12-10 04:10,4.623,0
1467,2020-12-10 04:20,4.727,0
1468,2020-12-10 04:30,4.831,0
1469,2020-12-10 04:40,4.831,0
1470,2020-12-10 04:50,4.934,0
1471,2020-12-10 05:00,4.934,0
1472,2020-12-10 05:10,4.727,0
1473,2020-12-10 05:20,4.727,0
1474,2020-12-10 05:30,4.727,0
1475,2020-12-10 05:40,4.727,0
1476,2020-12-10 05:50,4.727,0
1477,2020-12-10 06:00,4.519,0
1478,2020-12-10 06:10,4.519,0
1479,2020-12-10 06:20,4.519,0
1480,2020-12-10 06:30,4.311,0
1481,2020-12-10 06:40,4.415,0
1482,2020-12-10 06:50,4.207,0
1483,2020-12-10 07:00,4.207,0
1484,2020-12-10 07:10,4.415,0
1485,2020-12-10 07:20,4.102,0
1486,2020-12-10 07:30,3.893,0
1487,2020-12-10 07:40,3.788,0
1488,2020-12-10 07:50,3.788,0
1489,2020-12-10 08:00,3.788,43.1
1490,2020-12-10 08:10,3.998,86.1
1491,2020-12-10 08:20,3.998,161.5
1492,2020-12-10 08:30,4.102,247.6
1493,2020-12-10 08:40,4.102,312.2
1494,2020-12-10 08:50,4.311,387.5
1495,2020-12-10 09:00,4.519,441.3
1496,2020-12-10 09:10,4.207,559.7
1497,2020-12-10 09:20,4.102,581.3
1498,2020-12-10 09:30,4.102,753.5
1499,2020-12-10 09:40,4.207,807.3
1500,2020-12-10 09:50,4.311,990.3
1501,2020-12-10 10:00,4.727,1550
1502,2020-12-10 10:10,4.934,1550
1503,2020-12-10 10:20,4.831,1184
1504,2020-12-10 10:30,5.037,1151.7
1505,2020-12-10 10:40,5.141,1033.3
1506,2020-12-10 10:50,5.141,1162.5
1507,2020-12-10 11:00,5.141,1345.5
1508,2020-12-10 11:10,4.934,1324
1509,2020-12-10 11:20,4.934,1463.9
1510,2020-12-10 11:30,5.037,1722.2
1511,2020-12-10 11:40,5.244,1894.5
1512,2020-12-10 11:50,5.45,2497.2
1513,2020-12-10 12:00,5.655,2927.8
1514,2020-12-10 12:10,5.757,2755.6
1515,2020-12-10 12:20,5.962,2325
1516,2020-12-10 12:30,6.064,2066.7
1517,2020-12-10 12:40,5.757,1980.6
1518,2020-12-10 12:50,5.655,1980.6
1519,2020-12-10 13:00,5.655,1980.6
1520,2020-12-10 13:10,5.757,2066.7
1521,2020-12-10 13:20,5.86,1808.3
1522,2020-12-10 13:30,5.757,1550
1523,2020-12-10 13:40,5.757,1227.1
1524,2020-12-10 13:50,5.757,1636.1
1525,2020-12-10 14:00,5.655,1377.8
1526,2020-12-10 14:10,5.655,1291.7
1527,2020-12-10 14:20,5.757,1162.5
1528,2020-12-10 14:30,5.757,1141
1529,2020-12-10 14:40,5.552,904.2
1530,2020-12-10 14:50,5.757,721.2
1531,2020-12-10 15:00,5.86,818.1
1532,2020-12-10 15:10,5.86,742.7
1533,2020-12-10 15:20,5.86,645.8
1534,2020-12-10 15:30,5.86,516.7
1535,2020-12-10 15:40,5.86,376.7
1536,2020-12-10 15:50,5.86,322.9
1537,2020-12-10 16:00,5.86,269.1
1538,2020-12-10 16:10,5.552,172.2
1539,2020-12-10 16:20,5.45,118.4
1540,2020-12-10 16:30,5.347,43.1
1541,2020-12-10 16:40,5.244,10.8
1542,2020-12-10 16:50,5.244,0
1543,2020-12-10 17:00,5.244,0
1544,2020-12-10 17:10,5.347,0
1545,2020-12-10 17:20,5.552,0
1546,2020-12-10 17:30,5.45,0
1547,2020-12-10 17:40,5.45,0
1548,2020-12-10 17:50,5.552,0
1549,2020-12-10 18:00,5.655,0
1550,2020-12-10 18:10,5.552,0
1551,2020-12-10 18:20,5.552,0
1552,2020-12-10 18:30,5.757,0
1553,2020-12-10 18:40,5.552,0
1554,2020-12-10 18:50,5.45,0
1555,2020-12-10 19:00,5.347,0
1556,2020-12-10 19:10,5.141,0
1557,2020-12-10 19:20,4.831,0
1558,2020-12-10 19:30,4.727,0
1559,2020-12-10 19:40,4.831,0
1560,2020-12-10 19:50,4.623,0
1561,2020-12-10 20:00,4.519,0
1562,2020-12-10 20:10,4.727,0
1563,2020-12-10 20:20,4.623,0
1564,2020-12-10 20:30,4.623,0
1565,2020-12-10 20:40,4.415,0
1566,2020-12-10 20:50,4.311,0
1567,2020-12-10 21:00,4.311,0
1568,2020-12-10 21:10,4.207,0
1569,2020-12-10 21:20,4.102,0
1570,2020-12-10 21:30,4.102,0
1571,2020-12-10 21:40,3.893,0
1572,2020-12-10 21:50,3.683,0
1573,2020-12-10 22:00,3.683,0
1574,2020-12-10 22:10,3.472,0
1575,2020-12-10 22:20,3.683,0
1576,2020-12-10 22:30,3.367,0
1577,2020-12-10 22:40,3.367,0
1578,2020-12-10 22:50,3.367,0
1579,2020-12-10 23:00,3.261,0
1580,2020-12-10 23:10,3.261,0
1581,2020-12-10 23:20,3.472,0
1582,2020-12-10 23:30,3.367,0
1583,2020-12-10 23:40,3.155,0
1584,2020-12-10 23:50,2.837,0
1585,2020-12-11 00:00,2.73,0
1586,2020-12-11 00:10,2.837,0
1587,2020-12-11 00:20,2.837,0
1588,2020-12-11 00:30,3.049,0
1589,2020-12-11 00:40,2.943,0
1590,2020-12-11 00:50,2.837,0
1591,2020-12-11 01:00,2.943,0
1592,2020-12-11 01:10,3.049,0
1593,2020-12-11 01:20,2.73,0
1594,2020-12-11 01:30,2.73,0
1595,2020-12-11 01:40,2.73,0
1596,2020-12-11 01:50,3.049,0
1597,2020-12-11 02:00,3.049,0
1598,2020-12-11 02:10,3.155,0
1599,2020-12-11 02:20,3.049,0
1600,2020-12-11 02:30,2.943,0
1601,2020-12-11 02:40,3.049,0
1602,2020-12-11 02:50,2.943,0
1603,2020-12-11 03:00,2.837,0
1604,2020-12-11 03:10,2.624,0
1605,2020-12-11 03:20,2.73,0
1606,2020-12-11 03:30,2.624,0
1607,2020-12-11 03:40,2.41,0
1608,2020-12-11 03:50,2.517,0
1609,2020-12-11 04:00,2.517,0
1610,2020-12-11 04:10,2.517,0
1611,2020-12-11 04:20,2.517,0
1612,2020-12-11 04:30,2.624,0
1613,2020-12-11 04:40,2.517,0
1614,2020-12-11 04:50,2.837,0
1615,2020-12-11 05:00,2.73,0
1616,2020-12-11 05:10,2.73,0
1617,2020-12-11 05:20,2.517,0
1618,2020-12-11 05:30,2.73,0
1619,2020-12-11 05:40,2.624,0
1620,2020-12-11 05:50,2.624,0
1621,2020-12-11 06:00,2.73,0
1622,2020-12-11 06:10,2.624,0
1623,2020-12-11 06:20,2.517,0
1624,2020-12-11 06:30,2.624,0
1625,2020-12-11 06:40,2.517,0
1626,2020-12-11 06:50,2.517,0
1627,2020-12-11 07:00,2.624,0
1628,2020-12-11 07:10,2.837,0
1629,2020-12-11 07:20,2.837,0
1630,2020-12-11 07:30,2.624,0
1631,2020-12-11 07:40,2.73,0
1632,2020-12-11 07:50,2.73,0
1633,2020-12-11 08:00,2.837,43.1
1634,2020-12-11 08:10,2.837,129.2
1635,2020-12-11 08:20,2.837,301.4
1636,2020-12-11 08:30,3.049,355.2
1637,2020-12-11 08:40,3.049,484.4
1638,2020-12-11 08:50,3.155,893.4
1639,2020-12-11 09:00,3.261,1313.2
1640,2020-12-11 09:10,3.367,1324
1641,2020-12-11 09:20,3.367,1216.3
1642,2020-12-11 09:30,3.367,1636.1
1643,2020-12-11 09:40,3.472,1722.2
1644,2020-12-11 09:50,3.578,1636.1
1645,2020-12-11 10:00,3.578,1722.2
1646,2020-12-11 10:10,3.578,1808.3
1647,2020-12-11 10:20,3.683,1550
1648,2020-12-11 10:30,3.788,1808.3
1649,2020-12-11 10:40,3.893,2411.1
1650,2020-12-11 10:50,4.519,4994.5
1651,2020-12-11 11:00,5.347,6544.5
1652,2020-12-11 11:10,5.655,2583.4
1653,2020-12-11 11:20,5.757,7577.8
1654,2020-12-11 11:30,6.978,7577.8
1655,2020-12-11 11:40,7.179,3788.9
1656,2020-12-11 11:50,6.674,2497.2
1657,2020-12-11 12:00,6.37,2583.4
1658,2020-12-11 12:10,6.573,3444.5
1659,2020-12-11 12:20,6.573,2238.9
1660,2020-12-11 12:30,6.37,2927.8
1661,2020-12-11 12:40,6.268,2497.2
1662,2020-12-11 12:50,6.166,1636.1
1663,2020-12-11 13:00,5.962,1550
1664,2020-12-11 13:10,5.655,2238.9
1665,2020-12-11 13:20,5.45,1463.9
1666,2020-12-11 13:30,5.347,1280.9
1667,2020-12-11 13:40,5.655,1808.3
1668,2020-12-11 13:50,5.962,1808.3
1669,2020-12-11 14:00,6.166,1377.8
1670,2020-12-11 14:10,6.268,1108.7
1671,2020-12-11 14:20,6.37,925.7
1672,2020-12-11 14:30,6.471,1119.5
1673,2020-12-11 14:40,6.775,753.5
1674,2020-12-11 14:50,6.978,1022.6
1675,2020-12-11 15:00,7.28,1033.3
1676,2020-12-11 15:10,7.481,538.2
1677,2020-12-11 15:20,7.582,301.4
1678,2020-12-11 15:30,7.682,236.8
1679,2020-12-11 15:40,7.782,193.8
1680,2020-12-11 15:50,7.882,150.7
1681,2020-12-11 16:00,7.983,183
1682,2020-12-11 16:10,8.082,161.5
1683,2020-12-11 16:20,8.282,226
1684,2020-12-11 16:30,8.382,53.8
1685,2020-12-11 16:40,8.481,10.8
1686,2020-12-11 16:50,8.581,0
1687,2020-12-11 17:00,8.581,0
1688,2020-12-11 17:10,8.68,0
1689,2020-12-11 17:20,8.779,0
1690,2020-12-11 17:30,8.879,0
1691,2020-12-11 17:40,8.879,0
1692,2020-12-11 17:50,8.978,0
1693,2020-12-11 18:00,9.077,0
1694,2020-12-11 18:10,9.176,0
1695,2020-12-11 18:20,9.176,0
1696,2020-12-11 18:30,9.176,0
1697,2020-12-11 18:40,9.373,0
1698,2020-12-11 18:50,9.866,0
1699,2020-12-11 19:00,9.571,0
1700,2020-12-11 19:10,9.275,0
1701,2020-12-11 19:20,9.275,0
1702,2020-12-11 19:30,9.275,0
1703,2020-12-11 19:40,8.68,0
1704,2020-12-11 19:50,8.779,0
1705,2020-12-11 20:00,8.879,0
1706,2020-12-11 20:10,9.176,0
1707,2020-12-11 20:20,9.077,0
1708,2020-12-11 20:30,8.978,0
1709,2020-12-11 20:40,9.176,0
1710,2020-12-11 20:50,9.176,0
1711,2020-12-11 21:00,8.978,0
1712,2020-12-11 21:10,8.879,0
1713,2020-12-11 21:20,8.68,0
1714,2020-12-11 21:30,8.879,0
1715,2020-12-11 21:40,9.275,0
1716,2020-12-11 21:50,9.571,0
1717,2020-12-11 22:00,9.373,0
1718,2020-12-11 22:10,9.275,0
1719,2020-12-11 22:20,9.472,0
1720,2020-12-11 22:30,9.571,0
1721,2020-12-11 22:40,9.373,0
1722,2020-12-11 22:50,9.077,0
1723,2020-12-11 23:00,9.571,0
1724,2020-12-11 23:10,9.176,0
1725,2020-12-11 23:20,8.978,0
1726,2020-12-11 23:30,9.275,0
1727,2020-12-11 23:40,9.275,0
1728,2020-12-11 23:50,9.176,0
1729,2020-12-12 00:00,9.176,0
1730,2020-12-12 00:10,9.176,0
1731,2020-12-12 00:20,9.176,0
1732,2020-12-12 00:30,9.373,0
1733,2020-12-12 00:40,9.571,0
1734,2020-12-12 00:50,9.768,0
1735,2020-12-12 01:00,9.866,0
1736,2020-12-12 01:10,9.768,0
1737,2020-12-12 01:20,9.866,0
1738,2020-12-12 01:30,9.866,0
1739,2020-12-12 01:40,9.768,0
1740,2020-12-12 01:50,9.768,0
1741,2020-12-12 02:00,9.866,0
1742,2020-12-12 02:10,9.669,0
1743,2020-12-12 02:20,9.669,0
1744,2020-12-12 02:30,9.669,0
1745,2020-12-12 02:40,9.571,0
1746,2020-12-12 02:50,9.669,0
1747,2020-12-12 03:00,9.571,0
1748,2020-12-12 03:10,9.373,0
1749,2020-12-12 03:20,9.275,0
1750,2020-12-12 03:30,9.176,0
1751,2020-12-12 03:40,8.879,0
1752,2020-12-12 03:50,8.879,0
1753,2020-12-12 04:00,8.581,0
1754,2020-12-12 04:10,8.282,0
1755,2020-12-12 04:20,7.682,0
1756,2020-12-12 04:30,7.481,0
1757,2020-12-12 04:40,7.582,0
1758,2020-12-12 04:50,7.782,0
1759,2020-12-12 05:00,7.481,0
1760,2020-12-12 05:10,7.481,0
1761,2020-12-12 05:20,7.381,0
1762,2020-12-12 05:30,7.481,0
1763,2020-12-12 05:40,7.582,0
1764,2020-12-12 05:50,7.682,0
1765,2020-12-12 06:00,7.882,0
1766,2020-12-12 06:10,7.983,0
1767,2020-12-12 06:20,7.882,0
1768,2020-12-12 06:30,7.983,0
1769,2020-12-12 06:40,7.983,0
1770,2020-12-12 06:50,7.983,0
1771,2020-12-12 07:00,8.182,0
1772,2020-12-12 07:10,8.282,0
1773,2020-12-12 07:20,8.282,0
1774,2020-12-12 07:30,8.282,0
1775,2020-12-12 07:40,8.382,0
1776,2020-12-12 07:50,8.382,0
1777,2020-12-12 08:00,8.481,0
1778,2020-12-12 08:10,8.382,10.8
1779,2020-12-12 08:20,8.481,43.1
1780,2020-12-12 08:30,8.481,107.6
1781,2020-12-12 08:40,8.481,107.6
1782,2020-12-12 08:50,8.481,236.8
1783,2020-12-12 09:00,8.481,430.6
1784,2020-12-12 09:10,8.581,602.8
1785,2020-12-12 09:20,8.68,656.6
1786,2020-12-12 09:30,8.779,1377.8
1787,2020-12-12 09:40,9.077,2066.7
1788,2020-12-12 09:50,9.373,3272.2
1789,2020-12-12 10:00,9.669,2325
1790,2020-12-12 10:10,9.571,1550
1791,2020-12-12 10:20,9.472,1550
1792,2020-12-12 10:30,9.472,1550
1793,2020-12-12 10:40,9.472,1636.1
1794,2020-12-12 10:50,9.472,2152.8
1795,2020-12-12 11:00,9.768,3100
1796,2020-12-12 11:10,9.866,2927.8
1797,2020-12-12 11:20,9.965,2927.8
1798,2020-12-12 11:30,9.965,2927.8
1799,2020-12-12 11:40,10.063,3100
1800,2020-12-12 11:50,10.259,3272.2
1801,2020-12-12 12:00,10.357,3616.7
1802,2020-12-12 12:10,10.553,3272.2
1803,2020-12-12 12:20,10.748,4650
1804,2020-12-12 12:30,11.236,5511.1
1805,2020-12-12 12:40,11.625,5511.1
1806,2020-12-12 12:50,11.819,4477.8
1807,2020-12-12 13:00,11.528,2755.6
1808,2020-12-12 13:10,11.139,2411.1
1809,2020-12-12 13:20,10.846,2497.2
1810,2020-12-12 13:30,10.846,2583.4
1811,2020-12-12 13:40,10.651,2325
1812,2020-12-12 13:50,10.553,1894.5
1813,2020-12-12 14:00,10.748,1808.3
1814,2020-12-12 14:10,10.651,1722.2
1815,2020-12-12 14:20,10.455,1550
1816,2020-12-12 14:30,10.357,1377.8
1817,2020-12-12 14:40,10.357,1463.9
1818,2020-12-12 14:50,10.455,1550
1819,2020-12-12 15:00,10.553,1377.8
1820,2020-12-12 15:10,10.553,764.2
1821,2020-12-12 15:20,10.357,818.1
1822,2020-12-12 15:30,10.357,559.7
1823,2020-12-12 15:40,10.259,312.2
1824,2020-12-12 15:50,10.161,301.4
1825,2020-12-12 16:00,10.161,193.8
1826,2020-12-12 16:10,10.063,96.9
1827,2020-12-12 16:20,9.965,32.3
1828,2020-12-12 16:30,9.768,10.8
1829,2020-12-12 16:40,9.768,0
1830,2020-12-12 16:50,9.669,0
1831,2020-12-12 17:00,9.768,0
1832,2020-12-12 17:10,9.768,0
1833,2020-12-12 17:20,9.571,0
1834,2020-12-12 17:30,9.373,0
1835,2020-12-12 17:40,9.373,0
1836,2020-12-12 17:50,9.373,0
1837,2020-12-12 18:00,9.472,0
1838,2020-12-12 18:10,9.768,0
1839,2020-12-12 18:20,9.669,0
1840,2020-12-12 18:30,9.571,0
1841,2020-12-12 18:40,9.669,0
1842,2020-12-12 18:50,9.571,0
1843,2020-12-12 19:00,9.571,0
1844,2020-12-12 19:10,9.669,0
1845,2020-12-12 19:20,9.965,0
1846,2020-12-12 19:30,9.965,0
1847,2020-12-12 19:40,9.669,0
1848,2020-12-12 19:50,9.669,0
1849,2020-12-12 20:00,9.866,0
1850,2020-12-12 20:10,9.768,0
1851,2020-12-12 20:20,10.063,0
1852,2020-12-12 20:30,9.866,0
1853,2020-12-12 20:40,9.768,0
1854,2020-12-12 20:50,9.866,0
1855,2020-12-12 21:00,9.866,0
1856,2020-12-12 21:10,9.866,0
1857,2020-12-12 21:20,10.063,0
1858,2020-12-12 21:30,10.259,0
1859,2020-12-12 21:40,10.161,0
1860,2020-12-12 21:50,9.965,0
1861,2020-12-12 22:00,9.866,0
1862,2020-12-12 22:10,9.866,0
1863,2020-12-12 22:20,9.866,0
1864,2020-12-12 22:30,9.768,0
1865,2020-12-12 22:40,9.866,0
1866,2020-12-12 22:50,9.866,0
1867,2020-12-12 23:00,9.866,0
1868,2020-12-12 23:10,9.768,0
1869,2020-12-12 23:20,9.768,0
1870,2020-12-12 23:30,9.866,0
1871,2020-12-12 23:40,9.768,0
1872,2020-12-12 23:50,9.571,0
1873,2020-12-13 00:00,9.373,0
1874,2020-12-13 00:10,9.275,0
1875,2020-12-13 00:20,9.176,0
1876,2020-12-13 00:30,9.176,0
1877,2020-12-13 00:40,9.077,0
1878,2020-12-13 00:50,9.472,0
1879,2020-12-13 01:00,9.669,0
1880,2020-12-13 01:10,9.571,0
1881,2020-12-13 01:20,9.669,0
1882,2020-12-13 01:30,9.768,0
1883,2020-12-13 01:40,9.768,0
1884,2020-12-13 01:50,9.866,0
1885,2020-12-13 02:00,10.063,0
1886,2020-12-13 02:10,9.866,0
1887,2020-12-13 02:20,9.571,0
1888,2020-12-13 02:30,9.373,0
1889,2020-12-13 02:40,9.373,0
1890,2020-12-13 02:50,9.275,0
1891,2020-12-13 03:00,9.275,0
1892,2020-12-13 03:10,9.373,0
1893,2020-12-13 03:20,9.373,0
1894,2020-12-13 03:30,9.472,0
1895,2020-12-13 03:40,9.472,0
1896,2020-12-13 03:50,9.275,0
1897,2020-12-13 04:00,9.176,0
1898,2020-12-13 04:10,9.077,0
1899,2020-12-13 04:20,9.275,0
1900,2020-12-13 04:30,9.472,0
1901,2020-12-13 04:40,9.472,0
1902,2020-12-13 04:50,9.571,0
1903,2020-12-13 05:00,9.472,0
1904,2020-12-13 05:10,9.275,0
1905,2020-12-13 05:20,9.373,0
1906,2020-12-13 05:30,9.373,0
1907,2020-12-13 05:40,9.373,0
1908,2020-12-13 05:50,9.373,0
1909,2020-12-13 06:00,9.373,0
1910,2020-12-13 06:10,9.373,0
1911,2020-12-13 06:20,9.077,0
1912,2020-12-13 06:30,8.978,0
1913,2020-12-13 06:40,9.077,0
1914,2020-12-13 06:50,9.176,0
1915,2020-12-13 07:00,9.176,0
1916,2020-12-13 07:10,8.978,0
1917,2020-12-13 07:20,8.978,0
1918,2020-12-13 07:30,8.779,0
1919,2020-12-13 07:40,8.581,0
1920,2020-12-13 07:50,8.581,0
1921,2020-12-13 08:00,8.382,0
1922,2020-12-13 08:10,8.382,10.8
1923,2020-12-13 08:20,8.382,32.3
1924,2020-12-13 08:30,8.282,64.6
1925,2020-12-13 08:40,8.182,86.1
1926,2020-12-13 08:50,8.082,129.2
1927,2020-12-13 09:00,8.082,204.5
1928,2020-12-13 09:10,8.082,279.9
1929,2020-12-13 09:20,8.082,301.4
1930,2020-12-13 09:30,8.082,462.9
1931,2020-12-13 09:40,8.082,322.9
1932,2020-12-13 09:50,8.182,344.4
1933,2020-12-13 10:00,7.983,495.1
1934,2020-12-13 10:10,7.983,452.1
1935,2020-12-13 10:20,7.983,441.3
1936,2020-12-13 10:30,7.882,828.8
1937,2020-12-13 10:40,8.082,1216.3
1938,2020-12-13 10:50,7.882,990.3
1939,2020-12-13 11:00,7.882,893.4
1940,2020-12-13 11:10,7.782,1227.1
1941,2020-12-13 11:20,7.882,1237.9
1942,2020-12-13 11:30,7.983,2325
1943,2020-12-13 11:40,8.282,2669.5
1944,2020-12-13 11:50,8.382,2755.6
1945,2020-12-13 12:00,8.68,5166.7
1946,2020-12-13 12:10,8.879,3444.5
1947,2020-12-13 12:20,9.965,8611.2
1948,2020-12-13 12:30,10.748,7233.4
1949,2020-12-13 12:40,10.944,5166.7
1950,2020-12-13 12:50,10.651,3616.7
1951,2020-12-13 13:00,10.259,2755.6
1952,2020-12-13 13:10,9.669,2669.5
1953,2020-12-13 13:20,9.472,1808.3
1954,2020-12-13 13:30,9.373,1636.1
1955,2020-12-13 13:40,9.275,1141
1956,2020-12-13 13:50,9.176,1270.1
1957,2020-12-13 14:00,9.077,1001
1958,2020-12-13 14:10,8.978,990.3
1959,2020-12-13 14:20,8.879,958
1960,2020-12-13 14:30,8.978,1259.4
1961,2020-12-13 14:40,9.275,1054.9
1962,2020-12-13 14:50,9.275,753.5
1963,2020-12-13 15:00,9.275,818.1
1964,2020-12-13 15:10,9.275,925.7
1965,2020-12-13 15:20,9.275,742.7
1966,2020-12-13 15:30,9.275,645.8
1967,2020-12-13 15:40,9.275,613.5
1968,2020-12-13 15:50,9.373,592
1969,2020-12-13 16:00,9.373,387.5
1970,2020-12-13 16:10,9.373,193.8
1971,2020-12-13 16:20,9.373,107.6
1972,2020-12-13 16:30,9.176,53.8
1973,2020-12-13 16:40,9.077,10.8
1974,2020-12-13 16:50,8.779,0
1975,2020-12-13 17:00,8.68,0
1976,2020-12-13 17:10,8.581,0
1977,2020-12-13 17:20,8.382,0
1978,2020-12-13 17:30,8.282,0
1979,2020-12-13 17:40,8.182,0
1980,2020-12-13 17:50,8.082,0
1981,2020-12-13 18:00,8.082,0
1982,2020-12-13 18:10,8.182,0
1983,2020-12-13 18:20,8.282,0
1984,2020-12-13 18:30,8.382,0
1985,2020-12-13 18:40,8.282,0
1986,2020-12-13 18:50,8.481,0
1987,2020-12-13 19:00,8.68,0
1988,2020-12-13 19:10,8.481,0
1989,2020-12-13 19:20,8.581,0
1990,2020-12-13 19:30,8.68,0
1991,2020-12-13 19:40,8.581,0
1992,2020-12-13 19:50,8.779,0
1993,2020-12-13 20:00,8.481,0
1994,2020-12-13 20:10,8.082,0
1995,2020-12-13 20:20,7.882,0
1996,2020-12-13 20:30,8.182,0
1997,2020-12-13 20:40,8.282,0
1998,2020-12-13 20:50,8.082,0
1999,2020-12-13 21:00,7.983,0
2000,2020-12-13 21:10,8.082,0
2001,2020-12-13 21:20,8.182,0
2002,2020-12-13 21:30,8.481,0
2003,2020-12-13 21:40,8.581,0
2004,2020-12-13 21:50,8.182,0
2005,2020-12-13 22:00,7.882,0
2006,2020-12-13 22:10,8.082,0
2007,2020-12-13 22:20,8.382,0
2008,2020-12-13 22:30,8.182,0
2009,2020-12-13 22:40,8.182,0
2010,2020-12-13 22:50,8.382,0
2011,2020-12-13 23:00,8.581,0
2012,2020-12-13 23:10,8.481,0
2013,2020-12-13 23:20,8.481,0
2014,2020-12-13 23:30,8.481,0
2015,2020-12-13 23:40,8.082,0
2016,2020-12-13 23:50,7.782,0
2017,2020-12-14 00:00,7.782,0
2018,2020-12-14 00:10,7.782,0
2019,2020-12-14 00:20,7.782,0
2020,2020-12-14 00:30,7.682,0
2021,2020-12-14 00:40,7.782,0
2022,2020-12-14 00:50,7.682,0
2023,2020-12-14 01:00,7.782,0
2024,2020-12-14 01:10,7.882,0
2025,2020-12-14 01:20,7.782,0
2026,2020-12-14 01:30,7.481,0
2027,2020-12-14 01:40,7.179,0
2028,2020-12-14 01:50,7.079,0
2029,2020-12-14 02:00,6.978,0
2030,2020-12-14 02:10,7.079,0
2031,2020-12-14 02:20,7.079,0
2032,2020-12-14 02:30,7.179,0
2033,2020-12-14 02:40,7.28,0
2034,2020-12-14 02:50,7.179,0
2035,2020-12-14 03:00,7.28,0
2036,2020-12-14 03:10,7.28,0
2037,2020-12-14 03:20,6.978,0
2038,2020-12-14 03:30,6.674,0
2039,2020-12-14 03:40,6.37,0
2040,2020-12-14 03:50,6.37,0
2041,2020-12-14 04:00,6.37,0
2042,2020-12-14 04:10,6.573,0
2043,2020-12-14 04:20,6.674,0
2044,2020-12-14 04:30,6.775,0
2045,2020-12-14 04:40,6.775,0
2046,2020-12-14 04:50,6.877,0
2047,2020-12-14 05:00,6.978,0
2048,2020-12-14 05:10,7.079,0
2049,2020-12-14 05:20,6.775,0
2050,2020-12-14 05:30,6.471,0
2051,2020-12-14 05:40,6.37,0
2052,2020-12-14 05:50,6.268,0
2053,2020-12-14 06:00,6.166,0
2054,2020-12-14 06:10,6.064,0
2055,2020-12-14 06:20,6.064,0
2056,2020-12-14 06:30,6.166,0
2057,2020-12-14 06:40,6.37,0
2058,2020-12-14 06:50,6.37,0
2059,2020-12-14 07:00,6.471,0
2060,2020-12-14 07:10,6.573,0
2061,2020-12-14 07:20,6.674,0
2062,2020-12-14 07:30,6.573,0
2063,2020-12-14 07:40,6.37,0
2064,2020-12-14 07:50,6.37,0
2065,2020-12-14 08:00,6.674,64.6
2066,2020-12-14 08:10,6.166,86.1
2067,2020-12-14 08:20,5.86,118.4
2068,2020-12-14 08:30,5.757,139.9
2069,2020-12-14 08:40,5.86,183
2070,2020-12-14 08:50,5.86,215.3
2071,2020-12-14 09:00,5.86,312.2
2072,2020-12-14 09:10,5.962,958
2073,2020-12-14 09:20,6.268,1377.8
2074,2020-12-14 09:30,6.877,2411.1
2075,2020-12-14 09:40,7.381,5166.7
2076,2020-12-14 09:50,7.782,1980.6
2077,2020-12-14 10:00,7.481,1550
2078,2020-12-14 10:10,7.582,2755.6
2079,2020-12-14 10:20,7.882,3272.2
2080,2020-12-14 10:30,8.282,3961.1
2081,2020-12-14 10:40,8.68,4305.6
2082,2020-12-14 10:50,9.077,3616.7
2083,2020-12-14 11:00,9.373,5166.7
2084,2020-12-14 11:10,9.768,4822.3
2085,2020-12-14 11:20,10.161,5166.7
2086,2020-12-14 11:30,10.748,5511.1
2087,2020-12-14 11:40,11.431,5166.7
2088,2020-12-14 11:50,11.625,5511.1
2089,2020-12-14 12:00,12.013,5511.1
2090,2020-12-14 12:10,12.11,4133.4
2091,2020-12-14 12:20,12.883,6200
2092,2020-12-14 12:30,13.461,1894.5
2093,2020-12-14 12:40,13.076,1722.2
2094,2020-12-14 12:50,12.207,1463.9
2095,2020-12-14 13:00,11.819,1463.9
2096,2020-12-14 13:10,11.528,2238.9
2097,2020-12-14 13:20,11.528,1550
2098,2020-12-14 13:30,11.722,2066.7
2099,2020-12-14 13:40,11.625,1808.3
2100,2020-12-14 13:50,11.625,1722.2
2101,2020-12-14 14:00,11.819,2152.8
2102,2020-12-14 14:10,12.013,1980.6
2103,2020-12-14 14:20,12.013,1463.9
2104,2020-12-14 14:30,11.819,1550
2105,2020-12-14 14:40,11.916,1550
2106,2020-12-14 14:50,11.819,1463.9
2107,2020-12-14 15:00,11.722,1280.9
2108,2020-12-14 15:10,11.625,925.7
2109,2020-12-14 15:20,11.722,904.2
2110,2020-12-14 15:30,11.722,947.2
2111,2020-12-14 15:40,11.625,559.7
2112,2020-12-14 15:50,11.528,258.3
2113,2020-12-14 16:00,11.431,269.1
2114,2020-12-14 16:10,11.334,215.3
2115,2020-12-14 16:20,11.236,193.8
2116,2020-12-14 16:30,11.041,64.6
2117,2020-12-14 16:40,11.041,10.8
2118,2020-12-14 16:50,10.944,0
2119,2020-12-14 17:00,10.846,0
2120,2020-12-14 17:10,10.846,0
2121,2020-12-14 17:20,10.748,0
2122,2020-12-14 17:30,10.651,0
2123,2020-12-14 17:40,10.553,0
2124,2020-12-14 17:50,10.455,0
2125,2020-12-14 18:00,10.455,0
2126,2020-12-14 18:10,10.259,0
2127,2020-12-14 18:20,10.161,0
2128,2020-12-14 18:30,10.259,0
2129,2020-12-14 18:40,10.063,0
2130,2020-12-14 18:50,9.965,0
2131,2020-12-14 19:00,9.866,0
2132,2020-12-14 19:10,9.669,0
2133,2020-12-14 19:20,9.768,0
2134,2020-12-14 19:30,9.866,0
2135,2020-12-14 19:40,9.768,0
2136,2020-12-14 19:50,9.669,0
2137,2020-12-14 20:00,9.669,0
2138,2020-12-14 20:10,9.472,0
2139,2020-12-14 20:20,9.472,0
2140,2020-12-14 20:30,9.275,0
2141,2020-12-14 20:40,9.275,0
2142,2020-12-14 20:50,9.077,0
2143,2020-12-14 21:00,9.176,0
2144,2020-12-14 21:10,9.077,0
2145,2020-12-14 21:20,9.077,0
2146,2020-12-14 21:30,8.978,0
2147,2020-12-14 21:40,8.879,0
2148,2020-12-14 21:50,8.779,0
2149,2020-12-14 22:00,8.779,0
2150,2020-12-14 22:10,8.68,0
2151,2020-12-14 22:20,8.779,0
2152,2020-12-14 22:30,8.779,0
2153,2020-12-14 22:40,8.581,0
2154,2020-12-14 22:50,8.481,0
2155,2020-12-14 23:00,8.481,0
2156,2020-12-14 23:10,8.581,0
2157,2020-12-14 23:20,8.581,0
2158,2020-12-14 23:30,8.581,0
2159,2020-12-14 23:40,8.481,0
2160,2020-12-14 23:50,8.481,0
2161,2020-12-15 00:00,8.382,0
2162,2020-12-15 00:10,8.382,0
2163,2020-12-15 00:20,8.481,0
2164,2020-12-15 00:30,8.382,0
2165,2020-12-15 00:40,8.481,0
2166,2020-12-15 00:50,8.481,0
2167,2020-12-15 01:00,7.983,0
2168,2020-12-15 01:10,7.782,0
2169,2020-12-15 01:20,7.983,0
2170,2020-12-15 01:30,8.481,0
2171,2020-12-15 01:40,8.581,0
2172,2020-12-15 01:50,8.68,0
2173,2020-12-15 02:00,8.581,0
2174,2020-12-15 02:10,8.581,0
2175,2020-12-15 02:20,8.581,0
2176,2020-12-15 02:30,8.581,0
2177,2020-12-15 02:40,8.68,0
2178,2020-12-15 02:50,8.581,0
2179,2020-12-15 03:00,8.779,0
2180,2020-12-15 03:10,8.779,0
2181,2020-12-15 03:20,8.779,0
2182,2020-12-15 03:30,8.68,0
2183,2020-12-15 03:40,7.882,0
2184,2020-12-15 03:50,7.983,0
2185,2020-12-15 04:00,8.282,0
2186,2020-12-15 04:10,8.382,0
2187,2020-12-15 04:20,8.879,0
2188,2020-12-15 04:30,8.779,0
2189,2020-12-15 04:40,8.68,0
2190,2020-12-15 04:50,8.581,0
2191,2020-12-15 05:00,8.581,0
2192,2020-12-15 05:10,8.481,0
2193,2020-12-15 05:20,8.481,0
2194,2020-12-15 05:30,8.581,0
2195,2020-12-15 05:40,8.68,0
2196,2020-12-15 05:50,8.581,0
2197,2020-12-15 06:00,8.581,0
2198,2020-12-15 06:10,8.382,0
2199,2020-12-15 06:20,8.481,0
2200,2020-12-15 06:30,8.581,0
2201,2020-12-15 06:40,8.581,0
2202,2020-12-15 06:50,8.581,0
2203,2020-12-15 07:00,8.481,0
2204,2020-12-15 07:10,8.779,0
2205,2020-12-15 07:20,8.779,0
2206,2020-12-15 07:30,8.581,0
2207,2020-12-15 07:40,8.581,0
2208,2020-12-15 07:50,8.481,0
2209,2020-12-15 08:00,8.382,0
2210,2020-12-15 08:10,8.382,21.5
2211,2020-12-15 08:20,8.282,43.1
2212,2020-12-15 08:30,8.382,139.9
2213,2020-12-15 08:40,8.481,301.4
2214,2020-12-15 08:50,8.481,301.4
2215,2020-12-15 09:00,8.68,236.8
2216,2020-12-15 09:10,8.779,183
2217,2020-12-15 09:20,8.779,215.3
2218,2020-12-15 09:30,8.879,355.2
2219,2020-12-15 09:40,8.978,527.4
2220,2020-12-15 09:50,9.077,430.6
2221,2020-12-15 10:00,9.077,312.2
2222,2020-12-15 10:10,9.176,312.2
2223,2020-12-15 10:20,9.373,592
2224,2020-12-15 10:30,9.373,613.5
2225,2020-12-15 10:40,9.275,570.5
2226,2020-12-15 10:50,9.373,1076.4
2227,2020-12-15 11:00,9.373,850.4
2228,2020-12-15 11:10,9.472,1722.2
2229,2020-12-15 11:20,9.571,1722.2
2230,2020-12-15 11:30,9.571,1280.9
2231,2020-12-15 11:40,9.768,1377.8
2232,2020-12-15 11:50,9.965,1022.6
2233,2020-12-15 12:00,10.063,1377.8
2234,2020-12-15 12:10,10.063,1087.2
2235,2020-12-15 12:20,10.161,990.3
2236,2020-12-15 12:30,10.259,1237.9
2237,2020-12-15 12:40,10.357,958
2238,2020-12-15 12:50,10.455,742.7
2239,2020-12-15 13:00,10.553,699.7
2240,2020-12-15 13:10,10.748,667.4
2241,2020-12-15 13:20,10.748,505.9
2242,2020-12-15 13:30,10.944,505.9
2243,2020-12-15 13:40,11.041,452.1
2244,2020-12-15 13:50,11.236,495.1
2245,2020-12-15 14:00,11.334,409
2246,2020-12-15 14:10,11.431,1119.5
2247,2020-12-15 14:20,11.625,861.1
2248,2020-12-15 14:30,11.722,581.3
2249,2020-12-15 14:40,11.722,430.6
2250,2020-12-15 14:50,11.819,387.5
2251,2020-12-15 15:00,11.819,312.2
2252,2020-12-15 15:10,11.916,290.6
2253,2020-12-15 15:20,12.013,430.6
2254,2020-12-15 15:30,11.916,183
2255,2020-12-15 15:40,12.013,107.6
2256,2020-12-15 15:50,12.013,139.9
2257,2020-12-15 16:00,11.916,75.3
2258,2020-12-15 16:10,11.916,32.3
2259,2020-12-15 16:20,11.819,10.8
2260,2020-12-15 16:30,11.819,10.8
2261,2020-12-15 16:40,11.722,0
2262,2020-12-15 16:50,11.722,0
2263,2020-12-15 17:00,11.819,0
2264,2020-12-15 17:10,11.819,0
2265,2020-12-15 17:20,11.819,0
2266,2020-12-15 17:30,11.819,0
2267,2020-12-15 17:40,11.819,0
2268,2020-12-15 17:50,11.819,0
2269,2020-12-15 18:00,11.916,0
2270,2020-12-15 18:10,12.013,0
2271,2020-12-15 18:20,12.401,0
2272,2020-12-15 18:30,12.207,0
2273,2020-12-15 18:40,12.11,0
2274,2020-12-15 18:50,12.207,0
2275,2020-12-15 19:00,12.304,0
2276,2020-12-15 19:10,12.207,0
2277,2020-12-15 19:20,12.207,0
2278,2020-12-15 19:30,12.401,0
2279,2020-12-15 19:40,12.594,0
2280,2020-12-15 19:50,12.013,0
2281,2020-12-15 20:00,11.625,0
2282,2020-12-15 20:10,11.722,0
2283,2020-12-15 20:20,11.916,0
2284,2020-12-15 20:30,11.722,0
2285,2020-12-15 20:40,11.916,0
2286,2020-12-15 20:50,11.722,0
2287,2020-12-15 21:00,11.625,0
2288,2020-12-15 21:10,11.625,0
2289,2020-12-15 21:20,11.625,0
2290,2020-12-15 21:30,11.722,0
2291,2020-12-15 21:40,11.819,0
2292,2020-12-15 21:50,11.819,0
2293,2020-12-15 22:00,11.625,0
2294,2020-12-15 22:10,11.722,0
2295,2020-12-15 22:20,11.528,0
2296,2020-12-15 22:30,11.334,0
2297,2020-12-15 22:40,11.139,0
2298,2020-12-15 22:50,11.139,0
2299,2020-12-15 23:00,11.041,0
2300,2020-12-15 23:10,11.041,0
2301,2020-12-15 23:20,11.139,0
2302,2020-12-15 23:30,11.041,0
2303,2020-12-15 23:40,11.139,0
2304,2020-12-15 23:50,11.139,0
2305,2020-12-16 00:00,11.334,0
2306,2020-12-16 00:10,11.431,0
2307,2020-12-16 00:20,11.041,0
2308,2020-12-16 00:30,10.846,0
2309,2020-12-16 00:40,10.651,0
2310,2020-12-16 00:50,10.846,0
2311,2020-12-16 01:00,10.748,0
2312,2020-12-16 01:10,10.553,0
2313,2020-12-16 01:20,10.357,0
2314,2020-12-16 01:30,10.259,0
2315,2020-12-16 01:40,10.455,0
2316,2020-12-16 01:50,10.357,0
2317,2020-12-16 02:00,10.259,0
2318,2020-12-16 02:10,10.553,0
2319,2020-12-16 02:20,10.651,0
2320,2020-12-16 02:30,10.553,0
2321,2020-12-16 02:40,10.259,0
2322,2020-12-16 02:50,10.553,0
2323,2020-12-16 03:00,10.455,0
2324,2020-12-16 03:10,10.455,0
2325,2020-12-16 03:20,10.161,0
2326,2020-12-16 03:30,9.965,0
2327,2020-12-16 03:40,9.965,0
2328,2020-12-16 03:50,9.965,0
2329,2020-12-16 04:00,9.965,0
2330,2020-12-16 04:10,9.965,0
2331,2020-12-16 04:20,9.866,0
2332,2020-12-16 04:30,9.866,0
2333,2020-12-16 04:40,9.965,0
2334,2020-12-16 04:50,9.965,0
2335,2020-12-16 05:00,9.965,0
2336,2020-12-16 05:10,10.063,0
2337,2020-12-16 05:20,10.063,0
2338,2020-12-16 05:30,10.063,0
2339,2020-12-16 05:40,9.965,0
2340,2020-12-16 05:50,9.965,0
2341,2020-12-16 06:00,10.259,0
2342,2020-12-16 06:10,10.357,0
2343,2020-12-16 06:20,10.455,0
2344,2020-12-16 06:30,10.455,0
2345,2020-12-16 06:40,10.357,0
2346,2020-12-16 06:50,10.259,0
2347,2020-12-16 07:00,10.357,0
2348,2020-12-16 07:10,10.357,0
2349,2020-12-16 07:20,10.455,0
2350,2020-12-16 07:30,10.455,0
2351,2020-12-16 07:40,10.357,0
2352,2020-12-16 07:50,9.965,0
2353,2020-12-16 08:00,9.866,10.8
2354,2020-12-16 08:10,9.669,43.1
2355,2020-12-16 08:20,9.669,75.3
2356,2020-12-16 08:30,9.669,96.9
2357,2020-12-16 08:40,9.669,150.7
2358,2020-12-16 08:50,9.768,333.7
2359,2020-12-16 09:00,9.866,430.6
2360,2020-12-16 09:10,9.866,559.7
2361,2020-12-16 09:20,9.866,624.3
2362,2020-12-16 09:30,9.965,850.4
2363,2020-12-16 09:40,10.063,656.6
2364,2020-12-16 09:50,9.965,699.7
2365,2020-12-16 10:00,9.965,947.2
2366,2020-12-16 10:10,10.161,1194.8
2367,2020-12-16 10:20,10.455,1054.9
2368,2020-12-16 10:30,10.455,1162.5
2369,2020-12-16 10:40,10.553,1636.1
2370,2020-12-16 10:50,11.139,3788.9
2371,2020-12-16 11:00,11.916,2583.4
2372,2020-12-16 11:10,11.625,1808.3
2373,2020-12-16 11:20,11.334,2238.9
2374,2020-12-16 11:30,11.528,2669.5
2375,2020-12-16 11:40,11.722,2755.6
2376,2020-12-16 11:50,12.013,1722.2
2377,2020-12-16 12:00,11.916,3100
2378,2020-12-16 12:10,11.916,2325
2379,2020-12-16 12:20,11.916,1980.6
2380,2020-12-16 12:30,11.819,1980.6
2381,2020-12-16 12:40,12.207,2755.6
2382,2020-12-16 12:50,12.207,2152.8
2383,2020-12-16 13:00,12.207,2497.2
2384,2020-12-16 13:10,12.11,2238.9
2385,2020-12-16 13:20,12.207,2497.2
2386,2020-12-16 13:30,12.304,1636.1
2387,2020-12-16 13:40,12.013,1463.9
2388,2020-12-16 13:50,11.916,968.8
2389,2020-12-16 14:00,11.916,3100
2390,2020-12-16 14:10,11.916,904.2
2391,2020-12-16 14:20,11.819,764.2
2392,2020-12-16 14:30,11.916,742.7
2393,2020-12-16 14:40,11.916,635.1
2394,2020-12-16 14:50,11.916,624.3
2395,2020-12-16 15:00,11.916,807.3
2396,2020-12-16 15:10,12.11,796.5
2397,2020-12-16 15:20,12.11,839.6
2398,2020-12-16 15:30,12.11,549
2399,2020-12-16 15:40,11.916,624.3
2400,2020-12-16 15:50,12.013,322.9
2401,2020-12-16 16:00,12.013,312.2
2402,2020-12-16 16:10,11.916,236.8
2403,2020-12-16 16:20,11.722,161.5
2404,2020-12-16 16:30,11.625,64.6
2405,2020-12-16 16:40,11.528,21.5
2406,2020-12-16 16:50,11.431,0
2407,2020-12-16 17:00,11.236,0
2408,2020-12-16 17:10,11.041,0
2409,2020-12-16 17:20,11.041,0
2410,2020-12-16 17:30,11.041,0
2411,2020-12-16 17:40,10.944,0
2412,2020-12-16 17:50,10.944,0
2413,2020-12-16 18:00,10.846,0
2414,2020-12-16 18:10,10.651,0
2415,2020-12-16 18:20,10.651,0
2416,2020-12-16 18:30,10.651,0
2417,2020-12-16 18:40,10.553,0
2418,2020-12-16 18:50,10.553,0
2419,2020-12-16 19:00,10.553,0
2420,2020-12-16 19:10,10.455,0
2421,2020-12-16 19:20,10.553,0
2422,2020-12-16 19:30,10.553,0
2423,2020-12-16 19:40,10.846,0
2424,2020-12-16 19:50,10.944,0
2425,2020-12-16 20:00,11.139,0
2426,2020-12-16 20:10,11.041,0
2427,2020-12-16 20:20,10.846,0
2428,2020-12-16 20:30,10.846,0
2429,2020-12-16 20:40,10.748,0
2430,2020-12-16 20:50,10.553,0
2431,2020-12-16 21:00,10.455,0
2432,2020-12-16 21:10,10.455,0
2433,2020-12-16 21:20,10.455,0
2434,2020-12-16 21:30,10.259,0
2435,2020-12-16 21:40,10.161,0
2436,2020-12-16 21:50,10.063,0
2437,2020-12-16 22:00,9.965,0
2438,2020-12-16 22:10,9.866,0
2439,2020-12-16 22:20,9.866,0
2440,2020-12-16 22:30,9.965,0
2441,2020-12-16 22:40,9.768,0
2442,2020-12-16 22:50,9.768,0
2443,2020-12-16 23:00,9.472,0
2444,2020-12-16 23:10,9.275,0
2445,2020-12-16 23:20,9.176,0
2446,2020-12-16 23:30,9.275,0
2447,2020-12-16 23:40,9.176,0
2448,2020-12-16 23:50,9.176,0
2449,2020-12-17 00:00,9.176,0
2450,2020-12-17 00:10,8.978,0
2451,2020-12-17 00:20,8.978,0
2452,2020-12-17 00:30,8.879,0
2453,2020-12-17 00:40,8.779,0
2454,2020-12-17 00:50,8.68,0
2455,2020-12-17 01:00,8.581,0
2456,2020-12-17 01:10,8.68,0
2457,2020-12-17 01:20,8.68,0
2458,2020-12-17 01:30,8.68,0
2459,2020-12-17 01:40,8.581,0
2460,2020-12-17 01:50,8.382,0
2461,2020-12-17 02:00,8.382,0
2462,2020-12-17 02:10,8.282,0
2463,2020-12-17 02:20,8.082,0
2464,2020-12-17 02:30,7.983,0
2465,2020-12-17 02:40,7.983,0
2466,2020-12-17 02:50,7.882,0
2467,2020-12-17 03:00,7.882,0
2468,2020-12-17 03:10,7.782,0
2469,2020-12-17 03:20,7.782,0
2470,2020-12-17 03:30,7.882,0
2471,2020-12-17 03:40,7.983,0
2472,2020-12-17 03:50,8.182,0
2473,2020-12-17 04:00,8.182,0
2474,2020-12-17 04:10,8.182,0
2475,2020-12-17 04:20,8.182,0
2476,2020-12-17 04:30,8.382,0
2477,2020-12-17 04:40,8.382,0
2478,2020-12-17 04:50,8.382,0
2479,2020-12-17 05:00,8.581,0
2480,2020-12-17 05:10,8.68,0
2481,2020-12-17 05:20,8.68,0
2482,2020-12-17 05:30,8.978,0
2483,2020-12-17 05:40,9.077,0
2484,2020-12-17 05:50,9.373,0
2485,2020-12-17 06:00,9.866,0
2486,2020-12-17 06:10,10.259,0
2487,2020-12-17 06:20,10.651,0
2488,2020-12-17 06:30,10.748,0
2489,2020-12-17 06:40,10.846,0
2490,2020-12-17 06:50,11.041,0
2491,2020-12-17 07:00,11.236,0
2492,2020-12-17 07:10,11.334,0
2493,2020-12-17 07:20,11.431,0
2494,2020-12-17 07:30,11.431,0
2495,2020-12-17 07:40,11.431,0
2496,2020-12-17 07:50,11.334,0
2497,2020-12-17 08:00,11.431,10.8
2498,2020-12-17 08:10,11.625,21.5
2499,2020-12-17 08:20,11.819,43.1
2500,2020-12-17 08:30,11.916,75.3
2501,2020-12-17 08:40,12.013,150.7
2502,2020-12-17 08:50,12.013,226
2503,2020-12-17 09:00,12.11,376.7
2504,2020-12-17 09:10,12.207,344.4
2505,2020-12-17 09:20,12.304,484.4
2506,2020-12-17 09:30,12.401,613.5
2507,2020-12-17 09:40,12.497,656.6
2508,2020-12-17 09:50,12.594,710.4
2509,2020-12-17 10:00,12.69,958
2510,2020-12-17 10:10,12.883,1011.8
2511,2020-12-17 10:20,13.076,1377.8
2512,2020-12-17 10:30,13.269,1894.5
2513,2020-12-17 10:40,13.365,1280.9
2514,2020-12-17 10:50,13.461,1463.9
2515,2020-12-17 11:00,13.654,2927.8
2516,2020-12-17 11:10,13.654,1894.5
2517,2020-12-17 11:20,13.558,1636.1
2518,2020-12-17 11:30,13.365,1097.9
2519,2020-12-17 11:40,13.461,1894.5
2520,2020-12-17 11:50,13.461,1722.2
2521,2020-12-17 12:00,13.461,2238.9
2522,2020-12-17 12:10,13.461,731.9
2523,2020-12-17 12:20,13.365,1270.1
2524,2020-12-17 12:30,13.461,1377.8
2525,2020-12-17 12:40,13.461,1808.3
2526,2020-12-17 12:50,13.75,1894.5
2527,2020-12-17 13:00,13.75,1022.6
2528,2020-12-17 13:10,13.558,1636.1
2529,2020-12-17 13:20,13.654,1377.8
2530,2020-12-17 13:30,13.558,1377.8
2531,2020-12-17 13:40,13.461,1227.1
2532,2020-12-17 13:50,13.461,1259.4
2533,2020-12-17 14:00,13.558,1980.6
2534,2020-12-17 14:10,13.461,699.7
2535,2020-12-17 14:20,13.173,699.7
2536,2020-12-17 14:30,13.173,1280.9
2537,2020-12-17 14:40,13.076,990.3
2538,2020-12-17 14:50,13.076,1087.2
2539,2020-12-17 15:00,13.269,1259.4
2540,2020-12-17 15:10,12.883,635.1
2541,2020-12-17 15:20,12.787,1194.8
2542,2020-12-17 15:30,12.883,1001
2543,2020-12-17 15:40,12.787,398.3
2544,2020-12-17 15:50,12.69,409
2545,2020-12-17 16:00,12.69,301.4
2546,2020-12-17 16:10,12.787,150.7
2547,2020-12-17 16:20,12.98,53.8
2548,2020-12-17 16:30,12.883,10.8
2549,2020-12-17 16:40,12.883,0
2550,2020-12-17 16:50,12.883,0
2551,2020-12-17 17:00,12.787,0
2552,2020-12-17 17:10,12.69,0
2553,2020-12-17 17:20,12.594,0
2554,2020-12-17 17:30,12.594,0
2555,2020-12-17 17:40,12.594,0
2556,2020-12-17 17:50,12.594,0
2557,2020-12-17 18:00,12.594,0
2558,2020-12-17 18:10,12.497,0
2559,2020-12-17 18:20,12.401,0
2560,2020-12-17 18:30,12.594,0
2561,2020-12-17 18:40,12.497,0
2562,2020-12-17 18:50,12.883,0
2563,2020-12-17 19:00,13.076,0
2564,2020-12-17 19:10,12.883,0
2565,2020-12-17 19:20,12.787,0
2566,2020-12-17 19:30,12.497,0
2567,2020-12-17 19:40,12.304,0
2568,2020-12-17 19:50,12.401,0
2569,2020-12-17 20:00,12.497,0
2570,2020-12-17 20:10,12.401,0
2571,2020-12-17 20:20,12.304,0
2572,2020-12-17 20:30,12.11,0
2573,2020-12-17 20:40,12.013,0
2574,2020-12-17 20:50,11.819,0
2575,2020-12-17 21:00,11.722,0
2576,2020-12-17 21:10,11.916,0
2577,2020-12-17 21:20,12.013,0
2578,2020-12-17 21:30,12.013,0
2579,2020-12-17 21:40,11.916,0
2580,2020-12-17 21:50,11.819,0
2581,2020-12-17 22:00,11.722,0
2582,2020-12-17 22:10,11.528,0
2583,2020-12-17 22:20,11.625,0
2584,2020-12-17 22:30,11.528,0
2585,2020-12-17 22:40,11.528,0
2586,2020-12-17 22:50,11.528,0
2587,2020-12-17 23:00,11.334,0
2588,2020-12-17 23:10,11.236,0
2589,2020-12-17 23:20,11.236,0
2590,2020-12-17 23:30,11.236,0
2591,2020-12-17 23:40,11.236,0
2592,2020-12-17 23:50,11.236,0
2593,2020-12-18 00:00,11.139,0
2594,2020-12-18 00:10,11.139,0
2595,2020-12-18 00:20,11.041,0
2596,2020-12-18 00:30,10.944,0
2597,2020-12-18 00:40,10.748,0
2598,2020-12-18 00:50,10.553,0
2599,2020-12-18 01:00,10.455,0
2600,2020-12-18 01:10,10.259,0
2601,2020-12-18 01:20,10.259,0
2602,2020-12-18 01:30,10.161,0
2603,2020-12-18 01:40,10.161,0
2604,2020-12-18 01:50,10.161,0
2605,2020-12-18 02:00,10.063,0
2606,2020-12-18 02:10,9.866,0
2607,2020-12-18 02:20,9.866,0
2608,2020-12-18 02:30,9.965,0
2609,2020-12-18 02:40,9.965,0
2610,2020-12-18 02:50,9.965,0
2611,2020-12-18 03:00,9.768,0
2612,2020-12-18 03:10,9.768,0
2613,2020-12-18 03:20,9.768,0
2614,2020-12-18 03:30,9.669,0
2615,2020-12-18 03:40,9.373,0
2616,2020-12-18 03:50,9.373,0
2617,2020-12-18 04:00,9.472,0
2618,2020-12-18 04:10,9.472,0
2619,2020-12-18 04:20,9.472,0
2620,2020-12-18 04:30,9.472,0
2621,2020-12-18 04:40,9.373,0
2622,2020-12-18 04:50,9.571,0
2623,2020-12-18 05:00,9.472,0
2624,2020-12-18 05:10,9.373,0
2625,2020-12-18 05:20,9.472,0
2626,2020-12-18 05:30,9.472,0
2627,2020-12-18 05:40,9.571,0
2628,2020-12-18 05:50,9.669,0
2629,2020-12-18 06:00,9.571,0
2630,2020-12-18 06:10,9.669,0
2631,2020-12-18 06:20,9.571,0
2632,2020-12-18 06:30,9.373,0
2633,2020-12-18 06:40,9.275,0
2634,2020-12-18 06:50,9.077,0
2635,2020-12-18 07:00,8.978,0
2636,2020-12-18 07:10,8.978,0
2637,2020-12-18 07:20,9.077,0
2638,2020-12-18 07:30,9.077,0
2639,2020-12-18 07:40,8.978,0
2640,2020-12-18 07:50,8.779,0
2641,2020-12-18 08:00,8.68,21.5
2642,2020-12-18 08:10,8.581,64.6
2643,2020-12-18 08:20,8.581,129.2
2644,2020-12-18 08:30,8.581,193.8
2645,2020-12-18 08:40,8.68,376.7
2646,2020-12-18 08:50,8.779,592
2647,2020-12-18 09:00,8.779,893.4
2648,2020-12-18 09:10,8.879,807.3
2649,2020-12-18 09:20,8.879,1248.6
2650,2020-12-18 09:30,9.077,2411.1
2651,2020-12-18 09:40,9.669,2497.2
2652,2020-12-18 09:50,9.866,1894.5
2653,2020-12-18 10:00,9.965,2066.7
2654,2020-12-18 10:10,10.063,2497.2
2655,2020-12-18 10:20,10.259,3100
2656,2020-12-18 10:30,10.553,3788.9
2657,2020-12-18 10:40,10.748,3961.1
2658,2020-12-18 10:50,11.334,4305.6
2659,2020-12-18 11:00,11.625,4305.6
2660,2020-12-18 11:10,11.722,4477.8
2661,2020-12-18 11:20,12.013,4994.5
2662,2020-12-18 11:30,12.013,1894.5
2663,2020-12-18 11:40,11.916,2238.9
2664,2020-12-18 11:50,12.401,5511.1
2665,2020-12-18 12:00,12.787,3272.2
2666,2020-12-18 12:10,12.883,2325
2667,2020-12-18 12:20,12.69,1463.9
2668,2020-12-18 12:30,12.207,1722.2
2669,2020-12-18 12:40,12.401,2755.6
2670,2020-12-18 12:50,12.401,2927.8
2671,2020-12-18 13:00,12.304,2411.1
2672,2020-12-18 13:10,12.207,2325
2673,2020-12-18 13:20,11.819,1894.5
2674,2020-12-18 13:30,11.819,1550
2675,2020-12-18 13:40,11.819,1291.7
2676,2020-12-18 13:50,11.819,1033.3
2677,2020-12-18 14:00,11.722,818.1
2678,2020-12-18 14:10,11.625,731.9
2679,2020-12-18 14:20,11.625,645.8
2680,2020-12-18 14:30,11.722,1141
2681,2020-12-18 14:40,11.819,549
2682,2020-12-18 14:50,11.819,527.4
2683,2020-12-18 15:00,11.625,753.5
2684,2020-12-18 15:10,11.431,807.3
2685,2020-12-18 15:20,11.431,699.7
2686,2020-12-18 15:30,11.431,419.8
2687,2020-12-18 15:40,11.431,527.4
2688,2020-12-18 15:50,11.722,1151.7
2689,2020-12-18 16:00,11.916,914.9
2690,2020-12-18 16:10,11.819,624.3
2691,2020-12-18 16:20,11.625,139.9
2692,2020-12-18 16:30,11.431,86.1
2693,2020-12-18 16:40,11.334,43.1
2694,2020-12-18 16:50,11.236,10.8
2695,2020-12-18 17:00,11.041,0
2696,2020-12-18 17:10,11.139,0
2697,2020-12-18 17:20,11.236,0
2698,2020-12-18 17:30,11.334,0
2699,2020-12-18 17:40,11.334,0
2700,2020-12-18 17:50,11.334,0
2701,2020-12-18 18:00,11.431,0
2702,2020-12-18 18:10,11.528,0
2703,2020-12-18 18:20,11.139,0
2704,2020-12-18 18:30,11.236,0
2705,2020-12-18 18:40,11.236,0
2706,2020-12-18 18:50,11.334,0
2707,2020-12-18 19:00,11.431,0
2708,2020-12-18 19:10,11.528,0
2709,2020-12-18 19:20,11.431,0
2710,2020-12-18 19:30,11.334,0
2711,2020-12-18 19:40,11.334,0
2712,2020-12-18 19:50,11.041,0
2713,2020-12-18 20:00,10.944,0
2714,2020-12-18 20:10,10.846,0
2715,2020-12-18 20:20,10.846,0
2716,2020-12-18 20:30,10.944,0
2717,2020-12-18 20:40,11.236,0
2718,2020-12-18 20:50,11.139,0
2719,2020-12-18 21:00,11.139,0
2720,2020-12-18 21:10,11.139,0
2721,2020-12-18 21:20,11.236,0
2722,2020-12-18 21:30,11.139,0
2723,2020-12-18 21:40,10.944,0
2724,2020-12-18 21:50,10.944,0
2725,2020-12-18 22:00,10.846,0
2726,2020-12-18 22:10,10.748,0
2727,2020-12-18 22:20,10.161,0
2728,2020-12-18 22:30,9.866,0
2729,2020-12-18 22:40,9.866,0
2730,2020-12-18 22:50,9.768,0
2731,2020-12-18 23:00,9.768,0
2732,2020-12-18 23:10,9.669,0
2733,2020-12-18 23:20,9.373,0
2734,2020-12-18 23:30,9.275,0
2735,2020-12-18 23:40,9.176,0
2736,2020-12-18 23:50,9.275,0
2737,2020-12-19 00:00,9.571,0
2738,2020-12-19 00:10,9.669,0
2739,2020-12-19 00:20,9.768,0
2740,2020-12-19 00:30,9.669,0
2741,2020-12-19 00:40,9.669,0
2742,2020-12-19 00:50,9.768,0
2743,2020-12-19 01:00,9.768,0
2744,2020-12-19 01:10,9.669,0
2745,2020-12-19 01:20,9.571,0
2746,2020-12-19 01:30,9.472,0
2747,2020-12-19 01:40,9.571,0
2748,2020-12-19 01:50,9.571,0
2749,2020-12-19 02:00,9.768,0
2750,2020-12-19 02:10,9.669,0
2751,2020-12-19 02:20,9.866,0
2752,2020-12-19 02:30,9.669,0
2753,2020-12-19 02:40,9.571,0
2754,2020-12-19 02:50,9.669,0
2755,2020-12-19 03:00,9.571,0
2756,2020-12-19 03:10,9.571,0
2757,2020-12-19 03:20,9.472,0
2758,2020-12-19 03:30,9.472,0
2759,2020-12-19 03:40,9.472,0
2760,2020-12-19 03:50,9.275,0
2761,2020-12-19 04:00,8.978,0
2762,2020-12-19 04:10,9.077,0
2763,2020-12-19 04:20,8.978,0
2764,2020-12-19 04:30,8.879,0
2765,2020-12-19 04:40,8.879,0
2766,2020-12-19 04:50,8.779,0
2767,2020-12-19 05:00,8.779,0
2768,2020-12-19 05:10,8.68,0
2769,2020-12-19 05:20,8.581,0
2770,2020-12-19 05:30,8.481,0
2771,2020-12-19 05:40,8.481,0
2772,2020-12-19 05:50,8.382,0
2773,2020-12-19 06:00,8.182,0
2774,2020-12-19 06:10,8.182,0
2775,2020-12-19 06:20,8.082,0
2776,2020-12-19 06:30,7.983,0
2777,2020-12-19 06:40,7.882,0
2778,2020-12-19 06:50,7.882,0
2779,2020-12-19 07:00,7.782,0
2780,2020-12-19 07:10,7.782,0
2781,2020-12-19 07:20,7.682,0
2782,2020-12-19 07:30,7.682,0
2783,2020-12-19 07:40,7.782,0
2784,2020-12-19 07:50,7.682,0
2785,2020-12-19 08:00,7.582,10.8
2786,2020-12-19 08:10,7.582,53.8
2787,2020-12-19 08:20,7.582,107.6
2788,2020-12-19 08:30,7.582,161.5
2789,2020-12-19 08:40,7.481,215.3
2790,2020-12-19 08:50,7.481,279.9
2791,2020-12-19 09:00,7.481,344.4
2792,2020-12-19 09:10,7.582,344.4
2793,2020-12-19 09:20,7.682,678.1
2794,2020-12-19 09:30,7.882,1377.8
2795,2020-12-19 09:40,8.082,1463.9
2796,2020-12-19 09:50,8.282,1377.8
2797,2020-12-19 10:00,8.382,1324
2798,2020-12-19 10:10,8.481,1356.3
2799,2020-12-19 10:20,8.581,1808.3
2800,2020-12-19 10:30,8.68,1808.3
2801,2020-12-19 10:40,8.581,1722.2
2802,2020-12-19 10:50,8.481,1636.1
2803,2020-12-19 11:00,8.382,1722.2
2804,2020-12-19 11:10,8.481,1894.5
2805,2020-12-19 11:20,8.68,2497.2
2806,2020-12-19 11:30,9.077,2583.4
2807,2020-12-19 11:40,9.373,3100
2808,2020-12-19 11:50,9.866,3100
2809,2020-12-19 12:00,10.259,2497.2
2810,2020-12-19 12:10,10.161,2066.7
2811,2020-12-19 12:20,10.063,2238.9
2812,2020-12-19 12:30,10.063,2238.9
2813,2020-12-19 12:40,10.161,2152.8
2814,2020-12-19 12:50,10.259,2152.8
2815,2020-12-19 13:00,10.259,1808.3
2816,2020-12-19 13:10,10.259,1980.6
2817,2020-12-19 13:20,10.259,1097.9
2818,2020-12-19 13:30,10.357,1550
2819,2020-12-19 13:40,10.455,1227.1
2820,2020-12-19 13:50,10.553,1345.5
2821,2020-12-19 14:00,10.651,1636.1
2822,2020-12-19 14:10,10.748,979.5
2823,2020-12-19 14:20,10.846,871.9
2824,2020-12-19 14:30,10.748,505.9
2825,2020-12-19 14:40,10.357,936.5
2826,2020-12-19 14:50,10.063,871.9
2827,2020-12-19 15:00,10.161,1377.8
2828,2020-12-19 15:10,10.259,1011.8
2829,2020-12-19 15:20,10.161,322.9
2830,2020-12-19 15:30,10.161,333.7
2831,2020-12-19 15:40,10.063,247.6
2832,2020-12-19 15:50,9.965,150.7
2833,2020-12-19 16:00,9.965,236.8
2834,2020-12-19 16:10,9.965,107.6
2835,2020-12-19 16:20,9.866,75.3
2836,2020-12-19 16:30,9.768,32.3
2837,2020-12-19 16:40,9.768,0
2838,2020-12-19 16:50,9.768,0
2839,2020-12-19 17:00,9.669,0
2840,2020-12-19 17:10,9.669,0
2841,2020-12-19 17:20,9.669,0
2842,2020-12-19 17:30,9.571,0
2843,2020-12-19 17:40,9.669,0
2844,2020-12-19 17:50,9.669,0
2845,2020-12-19 18:00,9.669,0
2846,2020-12-19 18:10,9.669,0
2847,2020-12-19 18:20,9.768,0
2848,2020-12-19 18:30,9.965,0
2849,2020-12-19 18:40,10.063,0
2850,2020-12-19 18:50,9.965,0
2851,2020-12-19 19:00,9.965,0
2852,2020-12-19 19:10,9.965,0
2853,2020-12-19 19:20,10.259,0
2854,2020-12-19 19:30,10.161,0
2855,2020-12-19 19:40,10.259,0
2856,2020-12-19 19:50,10.357,0
2857,2020-12-19 20:00,10.161,0
2858,2020-12-19 20:10,10.259,0
2859,2020-12-19 20:20,10.357,0
2860,2020-12-19 20:30,10.748,0
2861,2020-12-19 20:40,11.041,0
2862,2020-12-19 20:50,10.846,0
2863,2020-12-19 21:00,10.944,0
2864,2020-12-19 21:10,10.944,0
2865,2020-12-19 21:20,11.431,0
2866,2020-12-19 21:30,11.722,0
2867,2020-12-19 21:40,11.236,0
2868,2020-12-19 21:50,10.846,0
2869,2020-12-19 22:00,10.651,0
2870,2020-12-19 22:10,10.455,0
2871,2020-12-19 22:20,10.357,0
2872,2020-12-19 22:30,10.259,0
2873,2020-12-19 22:40,10.161,0
2874,2020-12-19 22:50,10.161,0
2875,2020-12-19 23:00,10.063,0
2876,2020-12-19 23:10,9.965,0
2877,2020-12-19 23:20,9.965,0
2878,2020-12-19 23:30,10.161,0
2879,2020-12-19 23:40,10.063,0
2880,2020-12-19 23:50,9.866,0
2881,2020-12-20 00:00,10.063,0
2882,2020-12-20 00:10,10.357,0
2883,2020-12-20 00:20,10.748,0
2884,2020-12-20 00:30,10.455,0
2885,2020-12-20 00:40,10.259,0
2886,2020-12-20 00:50,10.063,0
2887,2020-12-20 01:00,10.063,0
2888,2020-12-20 01:10,9.965,0
2889,2020-12-20 01:20,9.768,0
2890,2020-12-20 01:30,9.965,0
2891,2020-12-20 01:40,9.965,0
2892,2020-12-20 01:50,9.965,0
2893,2020-12-20 02:00,10.063,0
2894,2020-12-20 02:10,10.161,0
2895,2020-12-20 02:20,9.866,0
2896,2020-12-20 02:30,9.669,0
2897,2020-12-20 02:40,9.571,0
2898,2020-12-20 02:50,9.571,0
2899,2020-12-20 03:00,9.571,0
2900,2020-12-20 03:10,9.571,0
2901,2020-12-20 03:20,9.866,0
2902,2020-12-20 03:30,9.965,0
2903,2020-12-20 03:40,9.866,0
2904,2020-12-20 03:50,9.866,0
2905,2020-12-20 04:00,10.063,0
2906,2020-12-20 04:10,10.063,0
2907,2020-12-20 04:20,10.259,0
2908,2020-12-20 04:30,10.553,0
2909,2020-12-20 04:40,10.846,0
2910,2020-12-20 04:50,11.431,0
2911,2020-12-20 05:00,11.819,0
2912,2020-12-20 05:10,11.625,0
2913,2020-12-20 05:20,11.625,0
2914,2020-12-20 05:30,11.625,0
2915,2020-12-20 05:40,11.528,0
2916,2020-12-20 05:50,11.528,0
2917,2020-12-20 06:00,11.528,0
2918,2020-12-20 06:10,11.625,0
2919,2020-12-20 06:20,11.625,0
2920,2020-12-20 06:30,11.722,0
2921,2020-12-20 06:40,11.722,0
2922,2020-12-20 06:50,11.625,0
2923,2020-12-20 07:00,11.722,0
2924,2020-12-20 07:10,11.819,0
2925,2020-12-20 07:20,11.916,0
2926,2020-12-20 07:30,11.916,0
2927,2020-12-20 07:40,11.916,0
2928,2020-12-20 07:50,11.916,0
2929,2020-12-20 08:00,11.916,0
2930,2020-12-20 08:10,12.013,10.8
2931,2020-12-20 08:20,11.916,32.3
2932,2020-12-20 08:30,11.916,107.6
2933,2020-12-20 08:40,11.916,236.8
2934,2020-12-20 08:50,11.916,333.7
2935,2020-12-20 09:00,11.916,398.3
2936,2020-12-20 09:10,11.916,419.8
2937,2020-12-20 09:20,12.013,290.6
2938,2020-12-20 09:30,11.916,129.2
2939,2020-12-20 09:40,11.916,269.1
2940,2020-12-20 09:50,11.625,366
2941,2020-12-20 10:00,11.431,699.7
2942,2020-12-20 10:10,11.236,904.2
2943,2020-12-20 10:20,11.334,1119.5
2944,2020-12-20 10:30,11.819,1894.5
2945,2020-12-20 10:40,12.207,2669.5
2946,2020-12-20 10:50,12.69,3444.5
2947,2020-12-20 11:00,12.98,2152.8
2948,2020-12-20 11:10,12.883,1808.3
2949,2020-12-20 11:20,12.883,2497.2
2950,2020-12-20 11:30,12.787,2238.9
2951,2020-12-20 11:40,12.787,1808.3
2952,2020-12-20 11:50,12.787,2152.8
2953,2020-12-20 12:00,12.787,1722.2
2954,2020-12-20 12:10,12.69,1463.9
2955,2020-12-20 12:20,12.69,1980.6
2956,2020-12-20 12:30,12.787,2755.6
2957,2020-12-20 12:40,12.69,2755.6
2958,2020-12-20 12:50,12.787,1980.6
2959,2020-12-20 13:00,12.787,1722.2
2960,2020-12-20 13:10,12.69,1205.6
2961,2020-12-20 13:20,12.594,925.7
2962,2020-12-20 13:30,12.401,1227.1
2963,2020-12-20 13:40,12.304,1087.2
2964,2020-12-20 13:50,12.304,1334.7
2965,2020-12-20 14:00,12.304,979.5
2966,2020-12-20 14:10,12.304,1324
2967,2020-12-20 14:20,12.207,1044.1
2968,2020-12-20 14:30,12.11,839.6
2969,2020-12-20 14:40,12.11,1184
2970,2020-12-20 14:50,12.11,645.8
2971,2020-12-20 15:00,12.013,592
2972,2020-12-20 15:10,11.916,409
2973,2020-12-20 15:20,11.819,269.1
2974,2020-12-20 15:30,11.819,344.4
2975,2020-12-20 15:40,11.819,290.6
2976,2020-12-20 15:50,11.819,301.4
2977,2020-12-20 16:00,11.819,301.4
2978,2020-12-20 16:10,11.819,139.9
2979,2020-12-20 16:20,11.819,75.3
2980,2020-12-20 16:30,11.722,43.1
2981,2020-12-20 16:40,11.625,43.1
2982,2020-12-20 16:50,11.722,0
2983,2020-12-20 17:00,11.722,0
2984,2020-12-20 17:10,11.722,0
2985,2020-12-20 17:20,11.722,0
2986,2020-12-20 17:30,11.625,0
2987,2020-12-20 17:40,11.625,0
2988,2020-12-20 17:50,11.722,0
2989,2020-12-20 18:00,11.819,0
2990,2020-12-20 18:10,12.207,0
2991,2020-12-20 18:20,12.304,0
2992,2020-12-20 18:30,12.11,0
2993,2020-12-20 18:40,11.916,0
2994,2020-12-20 18:50,12.11,0
2995,2020-12-20 19:00,11.916,0
2996,2020-12-20 19:10,11.722,0
2997,2020-12-20 19:20,11.722,0
2998,2020-12-20 19:30,12.013,0
2999,2020-12-20 19:40,11.916,0
3000,2020-12-20 19:50,12.013,0
3001,2020-12-20 20:00,12.013,0
3002,2020-12-20 20:10,12.013,0
3003,2020-12-20 20:20,11.625,0
3004,2020-12-20 20:30,11.819,0
3005,2020-12-20 20:40,11.819,0
3006,2020-12-20 20:50,11.819,0
3007,2020-12-20 21:00,11.625,0
3008,2020-12-20 21:10,11.625,0
3009,2020-12-20 21:20,11.722,0
3010,2020-12-20 21:30,11.916,0
3011,2020-12-20 21:40,11.819,0
3012,2020-12-20 21:50,11.528,0
3013,2020-12-20 22:00,11.431,0
3014,2020-12-20 22:10,11.528,0
3015,2020-12-20 22:20,11.431,0
3016,2020-12-20 22:30,11.334,0
3017,2020-12-20 22:40,11.431,0
3018,2020-12-20 22:50,11.236,0
3019,2020-12-20 23:00,11.334,0
3020,2020-12-20 23:10,11.236,0
3021,2020-12-20 23:20,11.041,0
3022,2020-12-20 23:30,11.139,0
3023,2020-12-20 23:40,11.139,0
3024,2020-12-20 23:50,11.334,0
